[     585ms] [LOG] Hello World @ http://localhost:9898/src/routes/+page.svelte:15
[   21631ms] [ERROR] [vite] Internal Server Error
/Users/trentbrew/TURTLE/Projects/Sandbox/svelte-wc/app-builder/src/lib/components/file-tree.svelte:247:12 Unexpected end of input
https://svelte.dev/e/unexpected_eof

- Did you forget to add a lang attribute to your style tag?
- Did you forget to add a style preprocessor? See https://github.com/sveltejs/vite-plugin-svelte/blob/main/docs/preprocess.md for more information.
 @ http://localhost:9898/@vite/client:999
[   21633ms] [ERROR] Failed to load resource: the server responded with a status of 500 (Internal Server Error) @ http://localhost:9898/src/lib/components/file-tree.svelte:0
[   21696ms] [WARNING] The next HMR update will cause the page to reload @ http://localhost:9898/node_modules/.pnpm/@sveltejs+kit@2.65.1_@opentelemetry+api@1.9.1_@sveltejs+vite-plugin-svelte@5.1.1_svelte_3c8e8ea26ccb90fc2477dcb70de6ce91/node_modules/@sveltejs/kit/src/runtime/client/client.js?v=0c5e908e:3387
[   21696ms] [ERROR] TypeError: Failed to fetch dynamically imported module: http://localhost:9898/.svelte-kit/generated/client/nodes/4.js @ http://localhost:9898/@fs/Users/trentbrew/TURTLE/Projects/Sandbox/svelte-wc/app-builder/.svelte-kit/generated/client/app.js:40
[  269701ms] [ERROR] [vite] Internal Server Error
/Users/trentbrew/TURTLE/Projects/Sandbox/svelte-wc/app-builder/src/lib/components/file-tree.svelte:247:12 Unexpected end of input
https://svelte.dev/e/unexpected_eof

- Did you forget to add a lang attribute to your style tag?
- Did you forget to add a style preprocessor? See https://github.com/sveltejs/vite-plugin-svelte/blob/main/docs/preprocess.md for more information.
 @ http://localhost:9898/@vite/client:999
[  269702ms] [ERROR] Failed to load resource: the server responded with a status of 500 (Internal Server Error) @ http://localhost:9898/src/lib/components/file-tree.svelte:0
[  269859ms] [WARNING] The next HMR update will cause the page to reload @ http://localhost:9898/node_modules/.pnpm/@sveltejs+kit@2.65.1_@opentelemetry+api@1.9.1_@sveltejs+vite-plugin-svelte@5.1.1_svelte_3c8e8ea26ccb90fc2477dcb70de6ce91/node_modules/@sveltejs/kit/src/runtime/client/client.js?v=0c5e908e:3387
[  269859ms] [ERROR] TypeError: Failed to fetch dynamically imported module: http://localhost:9898/.svelte-kit/generated/client/nodes/4.js @ http://localhost:9898/@fs/Users/trentbrew/TURTLE/Projects/Sandbox/svelte-wc/app-builder/.svelte-kit/generated/client/app.js:40
[  337048ms] [ERROR] Failed to load resource: the server responded with a status of 500 (Internal Server Error) @ http://localhost:9898/src/lib/components/file-tree.svelte:0
[  337089ms] [ERROR] [vite] Internal Server Error
/Users/trentbrew/TURTLE/Projects/Sandbox/svelte-wc/app-builder/src/lib/components/file-tree.svelte:247:12 Unexpected end of input
https://svelte.dev/e/unexpected_eof

- Did you forget to add a lang attribute to your style tag?
- Did you forget to add a style preprocessor? See https://github.com/sveltejs/vite-plugin-svelte/blob/main/docs/preprocess.md for more information.
 @ http://localhost:9898/@vite/client:999
[  337110ms] [WARNING] The next HMR update will cause the page to reload @ http://localhost:9898/node_modules/.pnpm/@sveltejs+kit@2.65.1_@opentelemetry+api@1.9.1_@sveltejs+vite-plugin-svelte@5.1.1_svelte_3c8e8ea26ccb90fc2477dcb70de6ce91/node_modules/@sveltejs/kit/src/runtime/client/client.js?v=0c5e908e:3387
[  337110ms] [ERROR] TypeError: Failed to fetch dynamically imported module: http://localhost:9898/.svelte-kit/generated/client/nodes/4.js @ http://localhost:9898/@fs/Users/trentbrew/TURTLE/Projects/Sandbox/svelte-wc/app-builder/.svelte-kit/generated/client/app.js:40
[  345761ms] [ERROR] [vite] Internal Server Error
/Users/trentbrew/TURTLE/Projects/Sandbox/svelte-wc/app-builder/src/lib/components/file-tree.svelte:247:12 Unexpected end of input
https://svelte.dev/e/unexpected_eof

- Did you forget to add a lang attribute to your style tag?
- Did you forget to add a style preprocessor? See https://github.com/sveltejs/vite-plugin-svelte/blob/main/docs/preprocess.md for more information.
 @ http://localhost:9898/@vite/client:999
[  345776ms] [ERROR] [vite] Internal Server Error
/Users/trentbrew/TURTLE/Projects/Sandbox/svelte-wc/app-builder/src/lib/components/file-tree.svelte:247:12 Unexpected end of input
https://svelte.dev/e/unexpected_eof

- Did you forget to add a lang attribute to your style tag?
- Did you forget to add a style preprocessor? See https://github.com/sveltejs/vite-plugin-svelte/blob/main/docs/preprocess.md for more information.
 @ http://localhost:9898/@vite/client:999
[  345779ms] [ERROR] Failed to load resource: the server responded with a status of 500 (Internal Server Error) @ http://localhost:9898/src/lib/components/file-tree.svelte:0
[  347566ms] [ERROR] [vite] Internal Server Error
/Users/trentbrew/TURTLE/Projects/Sandbox/svelte-wc/app-builder/src/lib/components/file-tree.svelte:247:12 Unexpected end of input
https://svelte.dev/e/unexpected_eof

- Did you forget to add a lang attribute to your style tag?
- Did you forget to add a style preprocessor? See https://github.com/sveltejs/vite-plugin-svelte/blob/main/docs/preprocess.md for more information.
 @ http://localhost:9898/@vite/client:999
[  347568ms] [ERROR] Failed to load resource: the server responded with a status of 500 (Internal Server Error) @ http://localhost:9898/src/lib/components/file-tree.svelte:0
[  347585ms] [ERROR] [vite] Internal Server Error
/Users/trentbrew/TURTLE/Projects/Sandbox/svelte-wc/app-builder/src/lib/components/file-tree.svelte:247:12 Unexpected end of input
https://svelte.dev/e/unexpected_eof

- Did you forget to add a lang attribute to your style tag?
- Did you forget to add a style preprocessor? See https://github.com/sveltejs/vite-plugin-svelte/blob/main/docs/preprocess.md for more information.
 @ http://localhost:9898/@vite/client:999
[  349574ms] [ERROR] [vite] Internal Server Error
/Users/trentbrew/TURTLE/Projects/Sandbox/svelte-wc/app-builder/src/lib/components/file-tree.svelte:247:12 Unexpected end of input
https://svelte.dev/e/unexpected_eof

- Did you forget to add a lang attribute to your style tag?
- Did you forget to add a style preprocessor? See https://github.com/sveltejs/vite-plugin-svelte/blob/main/docs/preprocess.md for more information.
 @ http://localhost:9898/@vite/client:999
[  351415ms] [ERROR] [vite] Internal Server Error
/Users/trentbrew/TURTLE/Projects/Sandbox/svelte-wc/app-builder/src/lib/components/file-tree.svelte:247:12 Unexpected end of input
https://svelte.dev/e/unexpected_eof

- Did you forget to add a lang attribute to your style tag?
- Did you forget to add a style preprocessor? See https://github.com/sveltejs/vite-plugin-svelte/blob/main/docs/preprocess.md for more information.
 @ http://localhost:9898/@vite/client:999
[  351766ms] [ERROR] [vite] Internal Server Error
/Users/trentbrew/TURTLE/Projects/Sandbox/svelte-wc/app-builder/src/lib/components/file-tree.svelte:247:12 Unexpected end of input
https://svelte.dev/e/unexpected_eof

- Did you forget to add a lang attribute to your style tag?
- Did you forget to add a style preprocessor? See https://github.com/sveltejs/vite-plugin-svelte/blob/main/docs/preprocess.md for more information.
 @ http://localhost:9898/@vite/client:999
[  351769ms] [ERROR] Failed to load resource: the server responded with a status of 500 (Internal Server Error) @ http://localhost:9898/src/lib/components/file-tree.svelte:0
[  353362ms] [ERROR] [vite] Internal Server Error
/Users/trentbrew/TURTLE/Projects/Sandbox/svelte-wc/app-builder/src/lib/components/file-tree.svelte:247:12 Unexpected end of input
https://svelte.dev/e/unexpected_eof

- Did you forget to add a lang attribute to your style tag?
- Did you forget to add a style preprocessor? See https://github.com/sveltejs/vite-plugin-svelte/blob/main/docs/preprocess.md for more information.
 @ http://localhost:9898/@vite/client:999
[  354884ms] [ERROR] [vite] Internal Server Error
/Users/trentbrew/TURTLE/Projects/Sandbox/svelte-wc/app-builder/src/lib/components/file-tree.svelte:247:12 Unexpected end of input
https://svelte.dev/e/unexpected_eof

- Did you forget to add a lang attribute to your style tag?
- Did you forget to add a style preprocessor? See https://github.com/sveltejs/vite-plugin-svelte/blob/main/docs/preprocess.md for more information.
 @ http://localhost:9898/@vite/client:999
[  354887ms] [ERROR] [vite] Internal Server Error
/Users/trentbrew/TURTLE/Projects/Sandbox/svelte-wc/app-builder/src/lib/components/file-tree.svelte:247:12 Unexpected end of input
https://svelte.dev/e/unexpected_eof

- Did you forget to add a lang attribute to your style tag?
- Did you forget to add a style preprocessor? See https://github.com/sveltejs/vite-plugin-svelte/blob/main/docs/preprocess.md for more information.
 @ http://localhost:9898/@vite/client:999
[  354887ms] [ERROR] Failed to load resource: the server responded with a status of 500 (Internal Server Error) @ http://localhost:9898/src/lib/components/file-tree.svelte:0
[  354934ms] [ERROR] [vite] Internal Server Error
/Users/trentbrew/TURTLE/Projects/Sandbox/svelte-wc/app-builder/src/lib/components/file-tree.svelte:247:12 Unexpected end of input
https://svelte.dev/e/unexpected_eof

- Did you forget to add a lang attribute to your style tag?
- Did you forget to add a style preprocessor? See https://github.com/sveltejs/vite-plugin-svelte/blob/main/docs/preprocess.md for more information.
 @ http://localhost:9898/@vite/client:999
[  355899ms] [ERROR] Failed to load resource: the server responded with a status of 500 (Internal Server Error) @ http://localhost:9898/src/lib/components/file-tree.svelte:0
[  355903ms] [ERROR] [vite] Internal Server Error
/Users/trentbrew/TURTLE/Projects/Sandbox/svelte-wc/app-builder/src/lib/components/file-tree.svelte:247:12 Unexpected end of input
https://svelte.dev/e/unexpected_eof

- Did you forget to add a lang attribute to your style tag?
- Did you forget to add a style preprocessor? See https://github.com/sveltejs/vite-plugin-svelte/blob/main/docs/preprocess.md for more information.
 @ http://localhost:9898/@vite/client:999
[  356005ms] [WARNING] The next HMR update will cause the page to reload @ http://localhost:9898/node_modules/.pnpm/@sveltejs+kit@2.65.1_@opentelemetry+api@1.9.1_@sveltejs+vite-plugin-svelte@5.1.1_svelte_3c8e8ea26ccb90fc2477dcb70de6ce91/node_modules/@sveltejs/kit/src/runtime/client/client.js?v=0c5e908e:3387
[  356005ms] [ERROR] TypeError: Failed to fetch dynamically imported module: http://localhost:9898/.svelte-kit/generated/client/nodes/4.js @ http://localhost:9898/@fs/Users/trentbrew/TURTLE/Projects/Sandbox/svelte-wc/app-builder/.svelte-kit/generated/client/app.js:40
[  357596ms] [ERROR] [vite] Internal Server Error
/Users/trentbrew/TURTLE/Projects/Sandbox/svelte-wc/app-builder/src/lib/components/file-tree.svelte:247:12 Unexpected end of input
https://svelte.dev/e/unexpected_eof

- Did you forget to add a lang attribute to your style tag?
- Did you forget to add a style preprocessor? See https://github.com/sveltejs/vite-plugin-svelte/blob/main/docs/preprocess.md for more information.
 @ http://localhost:9898/@vite/client:999
[  357685ms] [ERROR] Failed to load resource: the server responded with a status of 500 (Internal Server Error) @ http://localhost:9898/src/lib/components/file-tree.svelte:0
[  361059ms] [ERROR] Failed to load resource: the server responded with a status of 500 (Internal Server Error) @ http://localhost:9898/src/lib/components/file-tree.svelte:0
[  361062ms] [ERROR] [vite] Internal Server Error
/Users/trentbrew/TURTLE/Projects/Sandbox/svelte-wc/app-builder/src/lib/components/file-tree.svelte:247:12 Unexpected end of input
https://svelte.dev/e/unexpected_eof

- Did you forget to add a lang attribute to your style tag?
- Did you forget to add a style preprocessor? See https://github.com/sveltejs/vite-plugin-svelte/blob/main/docs/preprocess.md for more information.
 @ http://localhost:9898/@vite/client:999
[  362451ms] [ERROR] [vite] Internal Server Error
/Users/trentbrew/TURTLE/Projects/Sandbox/svelte-wc/app-builder/src/lib/components/file-tree.svelte:247:12 Unexpected end of input
https://svelte.dev/e/unexpected_eof

- Did you forget to add a lang attribute to your style tag?
- Did you forget to add a style preprocessor? See https://github.com/sveltejs/vite-plugin-svelte/blob/main/docs/preprocess.md for more information.
 @ http://localhost:9898/@vite/client:999
[  362451ms] [ERROR] Failed to load resource: the server responded with a status of 500 (Internal Server Error) @ http://localhost:9898/src/lib/components/file-tree.svelte:0
[  362582ms] [WARNING] The next HMR update will cause the page to reload @ http://localhost:9898/node_modules/.pnpm/@sveltejs+kit@2.65.1_@opentelemetry+api@1.9.1_@sveltejs+vite-plugin-svelte@5.1.1_svelte_3c8e8ea26ccb90fc2477dcb70de6ce91/node_modules/@sveltejs/kit/src/runtime/client/client.js?v=0c5e908e:3387
[  362582ms] [ERROR] TypeError: Failed to fetch dynamically imported module: http://localhost:9898/.svelte-kit/generated/client/nodes/4.js @ http://localhost:9898/@fs/Users/trentbrew/TURTLE/Projects/Sandbox/svelte-wc/app-builder/.svelte-kit/generated/client/app.js:40
[  363942ms] [ERROR] [vite] Internal Server Error
/Users/trentbrew/TURTLE/Projects/Sandbox/svelte-wc/app-builder/src/lib/components/file-tree.svelte:247:12 Unexpected end of input
https://svelte.dev/e/unexpected_eof

- Did you forget to add a lang attribute to your style tag?
- Did you forget to add a style preprocessor? See https://github.com/sveltejs/vite-plugin-svelte/blob/main/docs/preprocess.md for more information.
 @ http://localhost:9898/@vite/client:999
[  365121ms] [ERROR] [vite] Internal Server Error
/Users/trentbrew/TURTLE/Projects/Sandbox/svelte-wc/app-builder/src/lib/components/file-tree.svelte:247:12 Unexpected end of input
https://svelte.dev/e/unexpected_eof

- Did you forget to add a lang attribute to your style tag?
- Did you forget to add a style preprocessor? See https://github.com/sveltejs/vite-plugin-svelte/blob/main/docs/preprocess.md for more information.
 @ http://localhost:9898/@vite/client:999
[  365688ms] [ERROR] [vite] Internal Server Error
/Users/trentbrew/TURTLE/Projects/Sandbox/svelte-wc/app-builder/src/lib/components/file-tree.svelte:247:12 Unexpected end of input
https://svelte.dev/e/unexpected_eof

- Did you forget to add a lang attribute to your style tag?
- Did you forget to add a style preprocessor? See https://github.com/sveltejs/vite-plugin-svelte/blob/main/docs/preprocess.md for more information.
 @ http://localhost:9898/@vite/client:999
[  366879ms] [ERROR] [vite] Internal Server Error
/Users/trentbrew/TURTLE/Projects/Sandbox/svelte-wc/app-builder/src/lib/components/file-tree.svelte:247:12 Unexpected end of input
https://svelte.dev/e/unexpected_eof

- Did you forget to add a lang attribute to your style tag?
- Did you forget to add a style preprocessor? See https://github.com/sveltejs/vite-plugin-svelte/blob/main/docs/preprocess.md for more information.
 @ http://localhost:9898/@vite/client:999
[  368409ms] [ERROR] [vite] Internal Server Error
/Users/trentbrew/TURTLE/Projects/Sandbox/svelte-wc/app-builder/src/lib/components/file-tree.svelte:247:12 Unexpected end of input
https://svelte.dev/e/unexpected_eof

- Did you forget to add a lang attribute to your style tag?
- Did you forget to add a style preprocessor? See https://github.com/sveltejs/vite-plugin-svelte/blob/main/docs/preprocess.md for more information.
 @ http://localhost:9898/@vite/client:999
[  370030ms] [ERROR] [vite] Internal Server Error
/Users/trentbrew/TURTLE/Projects/Sandbox/svelte-wc/app-builder/src/lib/components/file-tree.svelte:247:12 Unexpected end of input
https://svelte.dev/e/unexpected_eof

- Did you forget to add a lang attribute to your style tag?
- Did you forget to add a style preprocessor? See https://github.com/sveltejs/vite-plugin-svelte/blob/main/docs/preprocess.md for more information.
 @ http://localhost:9898/@vite/client:999
[  371951ms] [ERROR] Failed to load resource: the server responded with a status of 500 (Internal Server Error) @ http://localhost:9898/src/lib/components/file-tree.svelte:0
[  371953ms] [ERROR] [vite] Internal Server Error
/Users/trentbrew/TURTLE/Projects/Sandbox/svelte-wc/app-builder/src/lib/components/file-tree.svelte:247:12 Unexpected end of input
https://svelte.dev/e/unexpected_eof

- Did you forget to add a lang attribute to your style tag?
- Did you forget to add a style preprocessor? See https://github.com/sveltejs/vite-plugin-svelte/blob/main/docs/preprocess.md for more information.
 @ http://localhost:9898/@vite/client:999
[  372025ms] [WARNING] The next HMR update will cause the page to reload @ http://localhost:9898/node_modules/.pnpm/@sveltejs+kit@2.65.1_@opentelemetry+api@1.9.1_@sveltejs+vite-plugin-svelte@5.1.1_svelte_3c8e8ea26ccb90fc2477dcb70de6ce91/node_modules/@sveltejs/kit/src/runtime/client/client.js?v=0c5e908e:3387
[  372025ms] [ERROR] TypeError: Failed to fetch dynamically imported module: http://localhost:9898/.svelte-kit/generated/client/nodes/4.js @ http://localhost:9898/@fs/Users/trentbrew/TURTLE/Projects/Sandbox/svelte-wc/app-builder/.svelte-kit/generated/client/app.js:40
[  372122ms] [ERROR] [vite] Internal Server Error
/Users/trentbrew/TURTLE/Projects/Sandbox/svelte-wc/app-builder/src/lib/components/file-tree.svelte:247:12 Unexpected end of input
https://svelte.dev/e/unexpected_eof

- Did you forget to add a lang attribute to your style tag?
- Did you forget to add a style preprocessor? See https://github.com/sveltejs/vite-plugin-svelte/blob/main/docs/preprocess.md for more information.
 @ http://localhost:9898/@vite/client:999
[  373326ms] [ERROR] [vite] Internal Server Error
/Users/trentbrew/TURTLE/Projects/Sandbox/svelte-wc/app-builder/src/lib/components/file-tree.svelte:247:12 Unexpected end of input
https://svelte.dev/e/unexpected_eof

- Did you forget to add a lang attribute to your style tag?
- Did you forget to add a style preprocessor? See https://github.com/sveltejs/vite-plugin-svelte/blob/main/docs/preprocess.md for more information.
 @ http://localhost:9898/@vite/client:999
[  373333ms] [ERROR] [vite] Internal Server Error
/Users/trentbrew/TURTLE/Projects/Sandbox/svelte-wc/app-builder/src/lib/components/file-tree.svelte:247:12 Unexpected end of input
https://svelte.dev/e/unexpected_eof

- Did you forget to add a lang attribute to your style tag?
- Did you forget to add a style preprocessor? See https://github.com/sveltejs/vite-plugin-svelte/blob/main/docs/preprocess.md for more information.
 @ http://localhost:9898/@vite/client:999
[  373335ms] [ERROR] Failed to load resource: the server responded with a status of 500 (Internal Server Error) @ http://localhost:9898/src/lib/components/file-tree.svelte:0
[  373424ms] [WARNING] The next HMR update will cause the page to reload @ http://localhost:9898/node_modules/.pnpm/@sveltejs+kit@2.65.1_@opentelemetry+api@1.9.1_@sveltejs+vite-plugin-svelte@5.1.1_svelte_3c8e8ea26ccb90fc2477dcb70de6ce91/node_modules/@sveltejs/kit/src/runtime/client/client.js?v=0c5e908e:3387
[  373425ms] [ERROR] TypeError: Failed to fetch dynamically imported module: http://localhost:9898/.svelte-kit/generated/client/nodes/4.js @ http://localhost:9898/@fs/Users/trentbrew/TURTLE/Projects/Sandbox/svelte-wc/app-builder/.svelte-kit/generated/client/app.js:40
[  374637ms] [ERROR] [vite] Internal Server Error
/Users/trentbrew/TURTLE/Projects/Sandbox/svelte-wc/app-builder/src/lib/components/file-tree.svelte:247:12 Unexpected end of input
https://svelte.dev/e/unexpected_eof

- Did you forget to add a lang attribute to your style tag?
- Did you forget to add a style preprocessor? See https://github.com/sveltejs/vite-plugin-svelte/blob/main/docs/preprocess.md for more information.
 @ http://localhost:9898/@vite/client:999
[  374638ms] [ERROR] Failed to load resource: the server responded with a status of 500 (Internal Server Error) @ http://localhost:9898/src/lib/components/file-tree.svelte:0
[  374746ms] [WARNING] The next HMR update will cause the page to reload @ http://localhost:9898/node_modules/.pnpm/@sveltejs+kit@2.65.1_@opentelemetry+api@1.9.1_@sveltejs+vite-plugin-svelte@5.1.1_svelte_3c8e8ea26ccb90fc2477dcb70de6ce91/node_modules/@sveltejs/kit/src/runtime/client/client.js?v=0c5e908e:3387
[  374746ms] [ERROR] TypeError: Failed to fetch dynamically imported module: http://localhost:9898/.svelte-kit/generated/client/nodes/4.js @ http://localhost:9898/@fs/Users/trentbrew/TURTLE/Projects/Sandbox/svelte-wc/app-builder/.svelte-kit/generated/client/app.js:40
[  374765ms] [ERROR] [vite] Internal Server Error
/Users/trentbrew/TURTLE/Projects/Sandbox/svelte-wc/app-builder/src/lib/components/file-tree.svelte:247:12 Unexpected end of input
https://svelte.dev/e/unexpected_eof

- Did you forget to add a lang attribute to your style tag?
- Did you forget to add a style preprocessor? See https://github.com/sveltejs/vite-plugin-svelte/blob/main/docs/preprocess.md for more information.
 @ http://localhost:9898/@vite/client:999
[  375916ms] [ERROR] [vite] Internal Server Error
/Users/trentbrew/TURTLE/Projects/Sandbox/svelte-wc/app-builder/src/lib/components/file-tree.svelte:247:12 Unexpected end of input
https://svelte.dev/e/unexpected_eof

- Did you forget to add a lang attribute to your style tag?
- Did you forget to add a style preprocessor? See https://github.com/sveltejs/vite-plugin-svelte/blob/main/docs/preprocess.md for more information.
 @ http://localhost:9898/@vite/client:999
[  376963ms] [ERROR] [vite] Internal Server Error
/Users/trentbrew/TURTLE/Projects/Sandbox/svelte-wc/app-builder/src/lib/components/file-tree.svelte:247:12 Unexpected end of input
https://svelte.dev/e/unexpected_eof

- Did you forget to add a lang attribute to your style tag?
- Did you forget to add a style preprocessor? See https://github.com/sveltejs/vite-plugin-svelte/blob/main/docs/preprocess.md for more information.
 @ http://localhost:9898/@vite/client:999
[  378559ms] [ERROR] [vite] Internal Server Error
/Users/trentbrew/TURTLE/Projects/Sandbox/svelte-wc/app-builder/src/lib/components/file-tree.svelte:247:12 Unexpected end of input
https://svelte.dev/e/unexpected_eof

- Did you forget to add a lang attribute to your style tag?
- Did you forget to add a style preprocessor? See https://github.com/sveltejs/vite-plugin-svelte/blob/main/docs/preprocess.md for more information.
 @ http://localhost:9898/@vite/client:999
[  379980ms] [ERROR] [vite] Internal Server Error
/Users/trentbrew/TURTLE/Projects/Sandbox/svelte-wc/app-builder/src/lib/components/file-tree.svelte:247:12 Unexpected end of input
https://svelte.dev/e/unexpected_eof

- Did you forget to add a lang attribute to your style tag?
- Did you forget to add a style preprocessor? See https://github.com/sveltejs/vite-plugin-svelte/blob/main/docs/preprocess.md for more information.
 @ http://localhost:9898/@vite/client:999
[  379980ms] [ERROR] Failed to load resource: the server responded with a status of 500 (Internal Server Error) @ http://localhost:9898/src/lib/components/file-tree.svelte:0
[  380060ms] [ERROR] [vite] Internal Server Error
/Users/trentbrew/TURTLE/Projects/Sandbox/svelte-wc/app-builder/src/lib/components/file-tree.svelte:247:12 Unexpected end of input
https://svelte.dev/e/unexpected_eof

- Did you forget to add a lang attribute to your style tag?
- Did you forget to add a style preprocessor? See https://github.com/sveltejs/vite-plugin-svelte/blob/main/docs/preprocess.md for more information.
 @ http://localhost:9898/@vite/client:999
[  381217ms] [ERROR] [vite] Internal Server Error
/Users/trentbrew/TURTLE/Projects/Sandbox/svelte-wc/app-builder/src/lib/components/file-tree.svelte:247:12 Unexpected end of input
https://svelte.dev/e/unexpected_eof

- Did you forget to add a lang attribute to your style tag?
- Did you forget to add a style preprocessor? See https://github.com/sveltejs/vite-plugin-svelte/blob/main/docs/preprocess.md for more information.
 @ http://localhost:9898/@vite/client:999
[  381218ms] [ERROR] [vite] Internal Server Error
/Users/trentbrew/TURTLE/Projects/Sandbox/svelte-wc/app-builder/src/lib/components/file-tree.svelte:247:12 Unexpected end of input
https://svelte.dev/e/unexpected_eof

- Did you forget to add a lang attribute to your style tag?
- Did you forget to add a style preprocessor? See https://github.com/sveltejs/vite-plugin-svelte/blob/main/docs/preprocess.md for more information.
 @ http://localhost:9898/@vite/client:999
[  381219ms] [ERROR] Failed to load resource: the server responded with a status of 500 (Internal Server Error) @ http://localhost:9898/src/lib/components/file-tree.svelte:0
[  381347ms] [WARNING] The next HMR update will cause the page to reload @ http://localhost:9898/node_modules/.pnpm/@sveltejs+kit@2.65.1_@opentelemetry+api@1.9.1_@sveltejs+vite-plugin-svelte@5.1.1_svelte_3c8e8ea26ccb90fc2477dcb70de6ce91/node_modules/@sveltejs/kit/src/runtime/client/client.js?v=0c5e908e:3387
[  381347ms] [ERROR] TypeError: Failed to fetch dynamically imported module: http://localhost:9898/.svelte-kit/generated/client/nodes/4.js @ http://localhost:9898/@fs/Users/trentbrew/TURTLE/Projects/Sandbox/svelte-wc/app-builder/.svelte-kit/generated/client/app.js:40
[  383441ms] [ERROR] [vite] Internal Server Error
/Users/trentbrew/TURTLE/Projects/Sandbox/svelte-wc/app-builder/src/lib/components/file-tree.svelte:247:12 Unexpected end of input
https://svelte.dev/e/unexpected_eof

- Did you forget to add a lang attribute to your style tag?
- Did you forget to add a style preprocessor? See https://github.com/sveltejs/vite-plugin-svelte/blob/main/docs/preprocess.md for more information.
 @ http://localhost:9898/@vite/client:999
[  384397ms] [ERROR] [vite] Internal Server Error
/Users/trentbrew/TURTLE/Projects/Sandbox/svelte-wc/app-builder/src/lib/components/file-tree.svelte:247:12 Unexpected end of input
https://svelte.dev/e/unexpected_eof

- Did you forget to add a lang attribute to your style tag?
- Did you forget to add a style preprocessor? See https://github.com/sveltejs/vite-plugin-svelte/blob/main/docs/preprocess.md for more information.
 @ http://localhost:9898/@vite/client:999
[  385366ms] [ERROR] [vite] Internal Server Error
/Users/trentbrew/TURTLE/Projects/Sandbox/svelte-wc/app-builder/src/lib/components/file-tree.svelte:247:12 Unexpected end of input
https://svelte.dev/e/unexpected_eof

- Did you forget to add a lang attribute to your style tag?
- Did you forget to add a style preprocessor? See https://github.com/sveltejs/vite-plugin-svelte/blob/main/docs/preprocess.md for more information.
 @ http://localhost:9898/@vite/client:999
[  387322ms] [ERROR] [vite] Internal Server Error
/Users/trentbrew/TURTLE/Projects/Sandbox/svelte-wc/app-builder/src/lib/components/file-tree.svelte:247:12 Unexpected end of input
https://svelte.dev/e/unexpected_eof

- Did you forget to add a lang attribute to your style tag?
- Did you forget to add a style preprocessor? See https://github.com/sveltejs/vite-plugin-svelte/blob/main/docs/preprocess.md for more information.
 @ http://localhost:9898/@vite/client:999
[  388982ms] [ERROR] [vite] Internal Server Error
/Users/trentbrew/TURTLE/Projects/Sandbox/svelte-wc/app-builder/src/lib/components/file-tree.svelte:247:12 Unexpected end of input
https://svelte.dev/e/unexpected_eof

- Did you forget to add a lang attribute to your style tag?
- Did you forget to add a style preprocessor? See https://github.com/sveltejs/vite-plugin-svelte/blob/main/docs/preprocess.md for more information.
 @ http://localhost:9898/@vite/client:999
[  388982ms] [ERROR] [vite] Internal Server Error
/Users/trentbrew/TURTLE/Projects/Sandbox/svelte-wc/app-builder/src/lib/components/file-tree.svelte:247:12 Unexpected end of input
https://svelte.dev/e/unexpected_eof

- Did you forget to add a lang attribute to your style tag?
- Did you forget to add a style preprocessor? See https://github.com/sveltejs/vite-plugin-svelte/blob/main/docs/preprocess.md for more information.
 @ http://localhost:9898/@vite/client:999
[  393269ms] [ERROR] [vite] Internal Server Error
/Users/trentbrew/TURTLE/Projects/Sandbox/svelte-wc/app-builder/src/lib/components/file-tree.svelte:247:12 Unexpected end of input
https://svelte.dev/e/unexpected_eof

- Did you forget to add a lang attribute to your style tag?
- Did you forget to add a style preprocessor? See https://github.com/sveltejs/vite-plugin-svelte/blob/main/docs/preprocess.md for more information.
 @ http://localhost:9898/@vite/client:999
[  393293ms] [ERROR] [vite] Internal Server Error
/Users/trentbrew/TURTLE/Projects/Sandbox/svelte-wc/app-builder/src/lib/components/file-tree.svelte:247:12 Unexpected end of input
https://svelte.dev/e/unexpected_eof

- Did you forget to add a lang attribute to your style tag?
- Did you forget to add a style preprocessor? See https://github.com/sveltejs/vite-plugin-svelte/blob/main/docs/preprocess.md for more information.
 @ http://localhost:9898/@vite/client:999
[  394628ms] [ERROR] [vite] Internal Server Error
/Users/trentbrew/TURTLE/Projects/Sandbox/svelte-wc/app-builder/src/lib/components/file-tree.svelte:247:12 Unexpected end of input
https://svelte.dev/e/unexpected_eof

- Did you forget to add a lang attribute to your style tag?
- Did you forget to add a style preprocessor? See https://github.com/sveltejs/vite-plugin-svelte/blob/main/docs/preprocess.md for more information.
 @ http://localhost:9898/@vite/client:999
[  394629ms] [ERROR] [vite] Internal Server Error
/Users/trentbrew/TURTLE/Projects/Sandbox/svelte-wc/app-builder/src/lib/components/file-tree.svelte:247:12 Unexpected end of input
https://svelte.dev/e/unexpected_eof

- Did you forget to add a lang attribute to your style tag?
- Did you forget to add a style preprocessor? See https://github.com/sveltejs/vite-plugin-svelte/blob/main/docs/preprocess.md for more information.
 @ http://localhost:9898/@vite/client:999
[  394631ms] [ERROR] Failed to load resource: the server responded with a status of 500 (Internal Server Error) @ http://localhost:9898/src/lib/components/file-tree.svelte:0
[  395110ms] [ERROR] [vite] Internal Server Error
/Users/trentbrew/TURTLE/Projects/Sandbox/svelte-wc/app-builder/src/lib/components/file-tree.svelte:247:12 Unexpected end of input
https://svelte.dev/e/unexpected_eof

- Did you forget to add a lang attribute to your style tag?
- Did you forget to add a style preprocessor? See https://github.com/sveltejs/vite-plugin-svelte/blob/main/docs/preprocess.md for more information.
 @ http://localhost:9898/@vite/client:999
[  397568ms] [ERROR] [vite] Internal Server Error
/Users/trentbrew/TURTLE/Projects/Sandbox/svelte-wc/app-builder/src/lib/components/file-tree.svelte:247:12 Unexpected end of input
https://svelte.dev/e/unexpected_eof

- Did you forget to add a lang attribute to your style tag?
- Did you forget to add a style preprocessor? See https://github.com/sveltejs/vite-plugin-svelte/blob/main/docs/preprocess.md for more information.
 @ http://localhost:9898/@vite/client:999
[  398008ms] [ERROR] [vite] Internal Server Error
/Users/trentbrew/TURTLE/Projects/Sandbox/svelte-wc/app-builder/src/lib/components/file-tree.svelte:247:12 Unexpected end of input
https://svelte.dev/e/unexpected_eof

- Did you forget to add a lang attribute to your style tag?
- Did you forget to add a style preprocessor? See https://github.com/sveltejs/vite-plugin-svelte/blob/main/docs/preprocess.md for more information.
 @ http://localhost:9898/@vite/client:999
[  399153ms] [ERROR] [vite] Internal Server Error
/Users/trentbrew/TURTLE/Projects/Sandbox/svelte-wc/app-builder/src/lib/components/file-tree.svelte:247:12 Unexpected end of input
https://svelte.dev/e/unexpected_eof

- Did you forget to add a lang attribute to your style tag?
- Did you forget to add a style preprocessor? See https://github.com/sveltejs/vite-plugin-svelte/blob/main/docs/preprocess.md for more information.
 @ http://localhost:9898/@vite/client:999
[  400354ms] [ERROR] [vite] Internal Server Error
/Users/trentbrew/TURTLE/Projects/Sandbox/svelte-wc/app-builder/src/lib/components/file-tree.svelte:247:12 Unexpected end of input
https://svelte.dev/e/unexpected_eof

- Did you forget to add a lang attribute to your style tag?
- Did you forget to add a style preprocessor? See https://github.com/sveltejs/vite-plugin-svelte/blob/main/docs/preprocess.md for more information.
 @ http://localhost:9898/@vite/client:999
[  401342ms] [ERROR] [vite] Internal Server Error
/Users/trentbrew/TURTLE/Projects/Sandbox/svelte-wc/app-builder/src/lib/components/file-tree.svelte:247:12 Unexpected end of input
https://svelte.dev/e/unexpected_eof

- Did you forget to add a lang attribute to your style tag?
- Did you forget to add a style preprocessor? See https://github.com/sveltejs/vite-plugin-svelte/blob/main/docs/preprocess.md for more information.
 @ http://localhost:9898/@vite/client:999
[  402728ms] [ERROR] [vite] Internal Server Error
/Users/trentbrew/TURTLE/Projects/Sandbox/svelte-wc/app-builder/src/lib/components/file-tree.svelte:247:12 Unexpected end of input
https://svelte.dev/e/unexpected_eof

- Did you forget to add a lang attribute to your style tag?
- Did you forget to add a style preprocessor? See https://github.com/sveltejs/vite-plugin-svelte/blob/main/docs/preprocess.md for more information.
 @ http://localhost:9898/@vite/client:999
[  404056ms] [ERROR] [vite] Internal Server Error
/Users/trentbrew/TURTLE/Projects/Sandbox/svelte-wc/app-builder/src/lib/components/file-tree.svelte:247:12 Unexpected end of input
https://svelte.dev/e/unexpected_eof

- Did you forget to add a lang attribute to your style tag?
- Did you forget to add a style preprocessor? See https://github.com/sveltejs/vite-plugin-svelte/blob/main/docs/preprocess.md for more information.
 @ http://localhost:9898/@vite/client:999
[  405510ms] [ERROR] [vite] Internal Server Error
/Users/trentbrew/TURTLE/Projects/Sandbox/svelte-wc/app-builder/src/lib/components/file-tree.svelte:247:12 Unexpected end of input
https://svelte.dev/e/unexpected_eof

- Did you forget to add a lang attribute to your style tag?
- Did you forget to add a style preprocessor? See https://github.com/sveltejs/vite-plugin-svelte/blob/main/docs/preprocess.md for more information.
 @ http://localhost:9898/@vite/client:999
[  405606ms] [ERROR] [vite] Internal Server Error
/Users/trentbrew/TURTLE/Projects/Sandbox/svelte-wc/app-builder/src/lib/components/file-tree.svelte:247:12 Unexpected end of input
https://svelte.dev/e/unexpected_eof

- Did you forget to add a lang attribute to your style tag?
- Did you forget to add a style preprocessor? See https://github.com/sveltejs/vite-plugin-svelte/blob/main/docs/preprocess.md for more information.
 @ http://localhost:9898/@vite/client:999
[  405606ms] [ERROR] Failed to load resource: the server responded with a status of 500 (Internal Server Error) @ http://localhost:9898/src/lib/components/file-tree.svelte:0
[  406694ms] [ERROR] [vite] Internal Server Error
/Users/trentbrew/TURTLE/Projects/Sandbox/svelte-wc/app-builder/src/lib/components/file-tree.svelte:247:12 Unexpected end of input
https://svelte.dev/e/unexpected_eof

- Did you forget to add a lang attribute to your style tag?
- Did you forget to add a style preprocessor? See https://github.com/sveltejs/vite-plugin-svelte/blob/main/docs/preprocess.md for more information.
 @ http://localhost:9898/@vite/client:999
[  407751ms] [ERROR] [vite] Internal Server Error
/Users/trentbrew/TURTLE/Projects/Sandbox/svelte-wc/app-builder/src/lib/components/file-tree.svelte:247:12 Unexpected end of input
https://svelte.dev/e/unexpected_eof

- Did you forget to add a lang attribute to your style tag?
- Did you forget to add a style preprocessor? See https://github.com/sveltejs/vite-plugin-svelte/blob/main/docs/preprocess.md for more information.
 @ http://localhost:9898/@vite/client:999
[  409113ms] [ERROR] [vite] Internal Server Error
/Users/trentbrew/TURTLE/Projects/Sandbox/svelte-wc/app-builder/src/lib/components/file-tree.svelte:247:12 Unexpected end of input
https://svelte.dev/e/unexpected_eof

- Did you forget to add a lang attribute to your style tag?
- Did you forget to add a style preprocessor? See https://github.com/sveltejs/vite-plugin-svelte/blob/main/docs/preprocess.md for more information.
 @ http://localhost:9898/@vite/client:999
[  409113ms] [ERROR] [vite] Internal Server Error
/Users/trentbrew/TURTLE/Projects/Sandbox/svelte-wc/app-builder/src/lib/components/file-tree.svelte:247:12 Unexpected end of input
https://svelte.dev/e/unexpected_eof

- Did you forget to add a lang attribute to your style tag?
- Did you forget to add a style preprocessor? See https://github.com/sveltejs/vite-plugin-svelte/blob/main/docs/preprocess.md for more information.
 @ http://localhost:9898/@vite/client:999
[  409114ms] [ERROR] Failed to load resource: the server responded with a status of 500 (Internal Server Error) @ http://localhost:9898/src/lib/components/file-tree.svelte:0
[  409171ms] [WARNING] The next HMR update will cause the page to reload @ http://localhost:9898/node_modules/.pnpm/@sveltejs+kit@2.65.1_@opentelemetry+api@1.9.1_@sveltejs+vite-plugin-svelte@5.1.1_svelte_3c8e8ea26ccb90fc2477dcb70de6ce91/node_modules/@sveltejs/kit/src/runtime/client/client.js?v=0c5e908e:3387
[  409172ms] [ERROR] TypeError: Failed to fetch dynamically imported module: http://localhost:9898/.svelte-kit/generated/client/nodes/4.js @ http://localhost:9898/@fs/Users/trentbrew/TURTLE/Projects/Sandbox/svelte-wc/app-builder/.svelte-kit/generated/client/app.js:40
[  410485ms] [ERROR] [vite] Internal Server Error
/Users/trentbrew/TURTLE/Projects/Sandbox/svelte-wc/app-builder/src/lib/components/file-tree.svelte:247:12 Unexpected end of input
https://svelte.dev/e/unexpected_eof

- Did you forget to add a lang attribute to your style tag?
- Did you forget to add a style preprocessor? See https://github.com/sveltejs/vite-plugin-svelte/blob/main/docs/preprocess.md for more information.
 @ http://localhost:9898/@vite/client:999
[  410485ms] [ERROR] [vite] Internal Server Error
/Users/trentbrew/TURTLE/Projects/Sandbox/svelte-wc/app-builder/src/lib/components/file-tree.svelte:247:12 Unexpected end of input
https://svelte.dev/e/unexpected_eof

- Did you forget to add a lang attribute to your style tag?
- Did you forget to add a style preprocessor? See https://github.com/sveltejs/vite-plugin-svelte/blob/main/docs/preprocess.md for more information.
 @ http://localhost:9898/@vite/client:999
[  410487ms] [ERROR] Failed to load resource: the server responded with a status of 500 (Internal Server Error) @ http://localhost:9898/src/lib/components/file-tree.svelte:0
[  412076ms] [ERROR] [vite] Internal Server Error
/Users/trentbrew/TURTLE/Projects/Sandbox/svelte-wc/app-builder/src/lib/components/file-tree.svelte:247:12 Unexpected end of input
https://svelte.dev/e/unexpected_eof

- Did you forget to add a lang attribute to your style tag?
- Did you forget to add a style preprocessor? See https://github.com/sveltejs/vite-plugin-svelte/blob/main/docs/preprocess.md for more information.
 @ http://localhost:9898/@vite/client:999
[  412077ms] [ERROR] Failed to load resource: the server responded with a status of 500 (Internal Server Error) @ http://localhost:9898/src/lib/components/file-tree.svelte:0
[  413514ms] [ERROR] [vite] Internal Server Error
/Users/trentbrew/TURTLE/Projects/Sandbox/svelte-wc/app-builder/src/lib/components/file-tree.svelte:247:12 Unexpected end of input
https://svelte.dev/e/unexpected_eof

- Did you forget to add a lang attribute to your style tag?
- Did you forget to add a style preprocessor? See https://github.com/sveltejs/vite-plugin-svelte/blob/main/docs/preprocess.md for more information.
 @ http://localhost:9898/@vite/client:999
[  413515ms] [ERROR] Failed to load resource: the server responded with a status of 500 (Internal Server Error) @ http://localhost:9898/src/lib/components/file-tree.svelte:0
[  413576ms] [WARNING] The next HMR update will cause the page to reload @ http://localhost:9898/node_modules/.pnpm/@sveltejs+kit@2.65.1_@opentelemetry+api@1.9.1_@sveltejs+vite-plugin-svelte@5.1.1_svelte_3c8e8ea26ccb90fc2477dcb70de6ce91/node_modules/@sveltejs/kit/src/runtime/client/client.js?v=0c5e908e:3387
[  413577ms] [ERROR] TypeError: Failed to fetch dynamically imported module: http://localhost:9898/.svelte-kit/generated/client/nodes/4.js @ http://localhost:9898/@fs/Users/trentbrew/TURTLE/Projects/Sandbox/svelte-wc/app-builder/.svelte-kit/generated/client/app.js:40
[  413514ms] [ERROR] [vite] Internal Server Error
/Users/trentbrew/TURTLE/Projects/Sandbox/svelte-wc/app-builder/src/lib/components/file-tree.svelte:247:12 Unexpected end of input
https://svelte.dev/e/unexpected_eof

- Did you forget to add a lang attribute to your style tag?
- Did you forget to add a style preprocessor? See https://github.com/sveltejs/vite-plugin-svelte/blob/main/docs/preprocess.md for more information.
 @ http://localhost:9898/@vite/client:999
[  413576ms] [WARNING] The next HMR update will cause the page to reload @ http://localhost:9898/node_modules/.pnpm/@sveltejs+kit@2.65.1_@opentelemetry+api@1.9.1_@sveltejs+vite-plugin-svelte@5.1.1_svelte_3c8e8ea26ccb90fc2477dcb70de6ce91/node_modules/@sveltejs/kit/src/runtime/client/client.js?v=0c5e908e:3387
[  413577ms] [ERROR] TypeError: Failed to fetch dynamically imported module: http://localhost:9898/.svelte-kit/generated/client/nodes/4.js @ http://localhost:9898/@fs/Users/trentbrew/TURTLE/Projects/Sandbox/svelte-wc/app-builder/.svelte-kit/generated/client/app.js:40
[  413515ms] [ERROR] Failed to load resource: the server responded with a status of 500 (Internal Server Error) @ http://localhost:9898/src/lib/components/file-tree.svelte:0
[  413891ms] [ERROR] [vite] Internal Server Error
/Users/trentbrew/TURTLE/Projects/Sandbox/svelte-wc/app-builder/src/lib/components/file-tree.svelte:247:12 Unexpected end of input
https://svelte.dev/e/unexpected_eof

- Did you forget to add a lang attribute to your style tag?
- Did you forget to add a style preprocessor? See https://github.com/sveltejs/vite-plugin-svelte/blob/main/docs/preprocess.md for more information.
 @ http://localhost:9898/@vite/client:999
[  414751ms] [ERROR] [vite] Internal Server Error
/Users/trentbrew/TURTLE/Projects/Sandbox/svelte-wc/app-builder/src/lib/components/file-tree.svelte:247:12 Unexpected end of input
https://svelte.dev/e/unexpected_eof

- Did you forget to add a lang attribute to your style tag?
- Did you forget to add a style preprocessor? See https://github.com/sveltejs/vite-plugin-svelte/blob/main/docs/preprocess.md for more information.
 @ http://localhost:9898/@vite/client:999
[  414752ms] [ERROR] Failed to load resource: the server responded with a status of 500 (Internal Server Error) @ http://localhost:9898/src/lib/components/file-tree.svelte:0
[  414836ms] [WARNING] The next HMR update will cause the page to reload @ http://localhost:9898/node_modules/.pnpm/@sveltejs+kit@2.65.1_@opentelemetry+api@1.9.1_@sveltejs+vite-plugin-svelte@5.1.1_svelte_3c8e8ea26ccb90fc2477dcb70de6ce91/node_modules/@sveltejs/kit/src/runtime/client/client.js?v=0c5e908e:3387
[  414837ms] [ERROR] TypeError: Failed to fetch dynamically imported module: http://localhost:9898/.svelte-kit/generated/client/nodes/4.js @ http://localhost:9898/@fs/Users/trentbrew/TURTLE/Projects/Sandbox/svelte-wc/app-builder/.svelte-kit/generated/client/app.js:40
[  416124ms] [ERROR] [vite] Internal Server Error
/Users/trentbrew/TURTLE/Projects/Sandbox/svelte-wc/app-builder/src/lib/components/file-tree.svelte:247:12 Unexpected end of input
https://svelte.dev/e/unexpected_eof

- Did you forget to add a lang attribute to your style tag?
- Did you forget to add a style preprocessor? See https://github.com/sveltejs/vite-plugin-svelte/blob/main/docs/preprocess.md for more information.
 @ http://localhost:9898/@vite/client:999
[  416125ms] [ERROR] Failed to load resource: the server responded with a status of 500 (Internal Server Error) @ http://localhost:9898/src/lib/components/file-tree.svelte:0
[  416200ms] [WARNING] The next HMR update will cause the page to reload @ http://localhost:9898/node_modules/.pnpm/@sveltejs+kit@2.65.1_@opentelemetry+api@1.9.1_@sveltejs+vite-plugin-svelte@5.1.1_svelte_3c8e8ea26ccb90fc2477dcb70de6ce91/node_modules/@sveltejs/kit/src/runtime/client/client.js?v=0c5e908e:3387
[  416200ms] [ERROR] TypeError: Failed to fetch dynamically imported module: http://localhost:9898/.svelte-kit/generated/client/nodes/4.js @ http://localhost:9898/@fs/Users/trentbrew/TURTLE/Projects/Sandbox/svelte-wc/app-builder/.svelte-kit/generated/client/app.js:40
[  416124ms] [ERROR] [vite] Internal Server Error
/Users/trentbrew/TURTLE/Projects/Sandbox/svelte-wc/app-builder/src/lib/components/file-tree.svelte:247:12 Unexpected end of input
https://svelte.dev/e/unexpected_eof

- Did you forget to add a lang attribute to your style tag?
- Did you forget to add a style preprocessor? See https://github.com/sveltejs/vite-plugin-svelte/blob/main/docs/preprocess.md for more information.
 @ http://localhost:9898/@vite/client:999
[  416200ms] [WARNING] The next HMR update will cause the page to reload @ http://localhost:9898/node_modules/.pnpm/@sveltejs+kit@2.65.1_@opentelemetry+api@1.9.1_@sveltejs+vite-plugin-svelte@5.1.1_svelte_3c8e8ea26ccb90fc2477dcb70de6ce91/node_modules/@sveltejs/kit/src/runtime/client/client.js?v=0c5e908e:3387
[  416200ms] [ERROR] TypeError: Failed to fetch dynamically imported module: http://localhost:9898/.svelte-kit/generated/client/nodes/4.js @ http://localhost:9898/@fs/Users/trentbrew/TURTLE/Projects/Sandbox/svelte-wc/app-builder/.svelte-kit/generated/client/app.js:40
[  416125ms] [ERROR] Failed to load resource: the server responded with a status of 500 (Internal Server Error) @ http://localhost:9898/src/lib/components/file-tree.svelte:0
[  417301ms] [ERROR] [vite] Internal Server Error
/Users/trentbrew/TURTLE/Projects/Sandbox/svelte-wc/app-builder/src/lib/components/file-tree.svelte:247:12 Unexpected end of input
https://svelte.dev/e/unexpected_eof

- Did you forget to add a lang attribute to your style tag?
- Did you forget to add a style preprocessor? See https://github.com/sveltejs/vite-plugin-svelte/blob/main/docs/preprocess.md for more information.
 @ http://localhost:9898/@vite/client:999
[  417302ms] [ERROR] Failed to load resource: the server responded with a status of 500 (Internal Server Error) @ http://localhost:9898/src/lib/components/file-tree.svelte:0
[  417398ms] [WARNING] The next HMR update will cause the page to reload @ http://localhost:9898/node_modules/.pnpm/@sveltejs+kit@2.65.1_@opentelemetry+api@1.9.1_@sveltejs+vite-plugin-svelte@5.1.1_svelte_3c8e8ea26ccb90fc2477dcb70de6ce91/node_modules/@sveltejs/kit/src/runtime/client/client.js?v=0c5e908e:3387
[  417398ms] [ERROR] TypeError: Failed to fetch dynamically imported module: http://localhost:9898/.svelte-kit/generated/client/nodes/4.js @ http://localhost:9898/@fs/Users/trentbrew/TURTLE/Projects/Sandbox/svelte-wc/app-builder/.svelte-kit/generated/client/app.js:40
[  417301ms] [ERROR] [vite] Internal Server Error
/Users/trentbrew/TURTLE/Projects/Sandbox/svelte-wc/app-builder/src/lib/components/file-tree.svelte:247:12 Unexpected end of input
https://svelte.dev/e/unexpected_eof

- Did you forget to add a lang attribute to your style tag?
- Did you forget to add a style preprocessor? See https://github.com/sveltejs/vite-plugin-svelte/blob/main/docs/preprocess.md for more information.
 @ http://localhost:9898/@vite/client:999
[  417398ms] [WARNING] The next HMR update will cause the page to reload @ http://localhost:9898/node_modules/.pnpm/@sveltejs+kit@2.65.1_@opentelemetry+api@1.9.1_@sveltejs+vite-plugin-svelte@5.1.1_svelte_3c8e8ea26ccb90fc2477dcb70de6ce91/node_modules/@sveltejs/kit/src/runtime/client/client.js?v=0c5e908e:3387
[  417398ms] [ERROR] TypeError: Failed to fetch dynamically imported module: http://localhost:9898/.svelte-kit/generated/client/nodes/4.js @ http://localhost:9898/@fs/Users/trentbrew/TURTLE/Projects/Sandbox/svelte-wc/app-builder/.svelte-kit/generated/client/app.js:40
[  417642ms] [ERROR] [vite] Internal Server Error
/Users/trentbrew/TURTLE/Projects/Sandbox/svelte-wc/app-builder/src/lib/components/file-tree.svelte:247:12 Unexpected end of input
https://svelte.dev/e/unexpected_eof

- Did you forget to add a lang attribute to your style tag?
- Did you forget to add a style preprocessor? See https://github.com/sveltejs/vite-plugin-svelte/blob/main/docs/preprocess.md for more information.
 @ http://localhost:9898/@vite/client:999
[  417302ms] [ERROR] Failed to load resource: the server responded with a status of 500 (Internal Server Error) @ http://localhost:9898/src/lib/components/file-tree.svelte:0
[  418850ms] [ERROR] [vite] Internal Server Error
/Users/trentbrew/TURTLE/Projects/Sandbox/svelte-wc/app-builder/src/lib/components/file-tree.svelte:247:12 Unexpected end of input
https://svelte.dev/e/unexpected_eof

- Did you forget to add a lang attribute to your style tag?
- Did you forget to add a style preprocessor? See https://github.com/sveltejs/vite-plugin-svelte/blob/main/docs/preprocess.md for more information.
 @ http://localhost:9898/@vite/client:999
[  418850ms] [ERROR] [vite] Internal Server Error
/Users/trentbrew/TURTLE/Projects/Sandbox/svelte-wc/app-builder/src/lib/components/file-tree.svelte:247:12 Unexpected end of input
https://svelte.dev/e/unexpected_eof

- Did you forget to add a lang attribute to your style tag?
- Did you forget to add a style preprocessor? See https://github.com/sveltejs/vite-plugin-svelte/blob/main/docs/preprocess.md for more information.
 @ http://localhost:9898/@vite/client:999
[  418850ms] [ERROR] Failed to load resource: the server responded with a status of 500 (Internal Server Error) @ http://localhost:9898/src/lib/components/file-tree.svelte:0
[  418930ms] [WARNING] The next HMR update will cause the page to reload @ http://localhost:9898/node_modules/.pnpm/@sveltejs+kit@2.65.1_@opentelemetry+api@1.9.1_@sveltejs+vite-plugin-svelte@5.1.1_svelte_3c8e8ea26ccb90fc2477dcb70de6ce91/node_modules/@sveltejs/kit/src/runtime/client/client.js?v=0c5e908e:3387
[  418930ms] [ERROR] TypeError: Failed to fetch dynamically imported module: http://localhost:9898/.svelte-kit/generated/client/nodes/4.js @ http://localhost:9898/@fs/Users/trentbrew/TURTLE/Projects/Sandbox/svelte-wc/app-builder/.svelte-kit/generated/client/app.js:40
[  420394ms] [ERROR] [vite] Internal Server Error
/Users/trentbrew/TURTLE/Projects/Sandbox/svelte-wc/app-builder/src/lib/components/file-tree.svelte:247:12 Unexpected end of input
https://svelte.dev/e/unexpected_eof

- Did you forget to add a lang attribute to your style tag?
- Did you forget to add a style preprocessor? See https://github.com/sveltejs/vite-plugin-svelte/blob/main/docs/preprocess.md for more information.
 @ http://localhost:9898/@vite/client:999
[  420406ms] [ERROR] [vite] Internal Server Error
/Users/trentbrew/TURTLE/Projects/Sandbox/svelte-wc/app-builder/src/lib/components/file-tree.svelte:247:12 Unexpected end of input
https://svelte.dev/e/unexpected_eof

- Did you forget to add a lang attribute to your style tag?
- Did you forget to add a style preprocessor? See https://github.com/sveltejs/vite-plugin-svelte/blob/main/docs/preprocess.md for more information.
 @ http://localhost:9898/@vite/client:999
[  420409ms] [ERROR] Failed to load resource: the server responded with a status of 500 (Internal Server Error) @ http://localhost:9898/src/lib/components/file-tree.svelte:0
[  422485ms] [ERROR] [vite] Internal Server Error
/Users/trentbrew/TURTLE/Projects/Sandbox/svelte-wc/app-builder/src/lib/components/file-tree.svelte:247:12 Unexpected end of input
https://svelte.dev/e/unexpected_eof

- Did you forget to add a lang attribute to your style tag?
- Did you forget to add a style preprocessor? See https://github.com/sveltejs/vite-plugin-svelte/blob/main/docs/preprocess.md for more information.
 @ http://localhost:9898/@vite/client:999
[  423798ms] [ERROR] [vite] Internal Server Error
/Users/trentbrew/TURTLE/Projects/Sandbox/svelte-wc/app-builder/src/lib/components/file-tree.svelte:247:12 Unexpected end of input
https://svelte.dev/e/unexpected_eof

- Did you forget to add a lang attribute to your style tag?
- Did you forget to add a style preprocessor? See https://github.com/sveltejs/vite-plugin-svelte/blob/main/docs/preprocess.md for more information.
 @ http://localhost:9898/@vite/client:999
[  425089ms] [ERROR] [vite] Internal Server Error
/Users/trentbrew/TURTLE/Projects/Sandbox/svelte-wc/app-builder/src/lib/components/file-tree.svelte:247:12 Unexpected end of input
https://svelte.dev/e/unexpected_eof

- Did you forget to add a lang attribute to your style tag?
- Did you forget to add a style preprocessor? See https://github.com/sveltejs/vite-plugin-svelte/blob/main/docs/preprocess.md for more information.
 @ http://localhost:9898/@vite/client:999
[  426417ms] [ERROR] [vite] Internal Server Error
/Users/trentbrew/TURTLE/Projects/Sandbox/svelte-wc/app-builder/src/lib/components/file-tree.svelte:247:12 Unexpected end of input
https://svelte.dev/e/unexpected_eof

- Did you forget to add a lang attribute to your style tag?
- Did you forget to add a style preprocessor? See https://github.com/sveltejs/vite-plugin-svelte/blob/main/docs/preprocess.md for more information.
 @ http://localhost:9898/@vite/client:999
[  426764ms] [ERROR] [vite] Internal Server Error
/Users/trentbrew/TURTLE/Projects/Sandbox/svelte-wc/app-builder/src/lib/components/file-tree.svelte:247:12 Unexpected end of input
https://svelte.dev/e/unexpected_eof

- Did you forget to add a lang attribute to your style tag?
- Did you forget to add a style preprocessor? See https://github.com/sveltejs/vite-plugin-svelte/blob/main/docs/preprocess.md for more information.
 @ http://localhost:9898/@vite/client:999
[  426765ms] [ERROR] Failed to load resource: the server responded with a status of 500 (Internal Server Error) @ http://localhost:9898/src/lib/components/file-tree.svelte:0
[  428018ms] [ERROR] [vite] Internal Server Error
/Users/trentbrew/TURTLE/Projects/Sandbox/svelte-wc/app-builder/src/lib/components/file-tree.svelte:247:12 Unexpected end of input
https://svelte.dev/e/unexpected_eof

- Did you forget to add a lang attribute to your style tag?
- Did you forget to add a style preprocessor? See https://github.com/sveltejs/vite-plugin-svelte/blob/main/docs/preprocess.md for more information.
 @ http://localhost:9898/@vite/client:999
[  428061ms] [ERROR] [vite] Internal Server Error
/Users/trentbrew/TURTLE/Projects/Sandbox/svelte-wc/app-builder/src/lib/components/file-tree.svelte:247:12 Unexpected end of input
https://svelte.dev/e/unexpected_eof

- Did you forget to add a lang attribute to your style tag?
- Did you forget to add a style preprocessor? See https://github.com/sveltejs/vite-plugin-svelte/blob/main/docs/preprocess.md for more information.
 @ http://localhost:9898/@vite/client:999
[  428062ms] [ERROR] Failed to load resource: the server responded with a status of 500 (Internal Server Error) @ http://localhost:9898/src/lib/components/file-tree.svelte:0
[  428260ms] [WARNING] The next HMR update will cause the page to reload @ http://localhost:9898/node_modules/.pnpm/@sveltejs+kit@2.65.1_@opentelemetry+api@1.9.1_@sveltejs+vite-plugin-svelte@5.1.1_svelte_3c8e8ea26ccb90fc2477dcb70de6ce91/node_modules/@sveltejs/kit/src/runtime/client/client.js?v=0c5e908e:3387
[  428260ms] [ERROR] TypeError: Failed to fetch dynamically imported module: http://localhost:9898/.svelte-kit/generated/client/nodes/4.js @ http://localhost:9898/@fs/Users/trentbrew/TURTLE/Projects/Sandbox/svelte-wc/app-builder/.svelte-kit/generated/client/app.js:40
[  429220ms] [ERROR] [vite] Internal Server Error
/Users/trentbrew/TURTLE/Projects/Sandbox/svelte-wc/app-builder/src/lib/components/file-tree.svelte:247:12 Unexpected end of input
https://svelte.dev/e/unexpected_eof

- Did you forget to add a lang attribute to your style tag?
- Did you forget to add a style preprocessor? See https://github.com/sveltejs/vite-plugin-svelte/blob/main/docs/preprocess.md for more information.
 @ http://localhost:9898/@vite/client:999
[  429220ms] [ERROR] [vite] Internal Server Error
/Users/trentbrew/TURTLE/Projects/Sandbox/svelte-wc/app-builder/src/lib/components/file-tree.svelte:247:12 Unexpected end of input
https://svelte.dev/e/unexpected_eof

- Did you forget to add a lang attribute to your style tag?
- Did you forget to add a style preprocessor? See https://github.com/sveltejs/vite-plugin-svelte/blob/main/docs/preprocess.md for more information.
 @ http://localhost:9898/@vite/client:999
[  429221ms] [ERROR] Failed to load resource: the server responded with a status of 500 (Internal Server Error) @ http://localhost:9898/src/lib/components/file-tree.svelte:0
[  429323ms] [WARNING] The next HMR update will cause the page to reload @ http://localhost:9898/node_modules/.pnpm/@sveltejs+kit@2.65.1_@opentelemetry+api@1.9.1_@sveltejs+vite-plugin-svelte@5.1.1_svelte_3c8e8ea26ccb90fc2477dcb70de6ce91/node_modules/@sveltejs/kit/src/runtime/client/client.js?v=0c5e908e:3387
[  429323ms] [ERROR] TypeError: Failed to fetch dynamically imported module: http://localhost:9898/.svelte-kit/generated/client/nodes/4.js @ http://localhost:9898/@fs/Users/trentbrew/TURTLE/Projects/Sandbox/svelte-wc/app-builder/.svelte-kit/generated/client/app.js:40
[  429220ms] [ERROR] [vite] Internal Server Error
/Users/trentbrew/TURTLE/Projects/Sandbox/svelte-wc/app-builder/src/lib/components/file-tree.svelte:247:12 Unexpected end of input
https://svelte.dev/e/unexpected_eof

- Did you forget to add a lang attribute to your style tag?
- Did you forget to add a style preprocessor? See https://github.com/sveltejs/vite-plugin-svelte/blob/main/docs/preprocess.md for more information.
 @ http://localhost:9898/@vite/client:999
[  429220ms] [ERROR] [vite] Internal Server Error
/Users/trentbrew/TURTLE/Projects/Sandbox/svelte-wc/app-builder/src/lib/components/file-tree.svelte:247:12 Unexpected end of input
https://svelte.dev/e/unexpected_eof

- Did you forget to add a lang attribute to your style tag?
- Did you forget to add a style preprocessor? See https://github.com/sveltejs/vite-plugin-svelte/blob/main/docs/preprocess.md for more information.
 @ http://localhost:9898/@vite/client:999
[  429323ms] [WARNING] The next HMR update will cause the page to reload @ http://localhost:9898/node_modules/.pnpm/@sveltejs+kit@2.65.1_@opentelemetry+api@1.9.1_@sveltejs+vite-plugin-svelte@5.1.1_svelte_3c8e8ea26ccb90fc2477dcb70de6ce91/node_modules/@sveltejs/kit/src/runtime/client/client.js?v=0c5e908e:3387
[  429323ms] [ERROR] TypeError: Failed to fetch dynamically imported module: http://localhost:9898/.svelte-kit/generated/client/nodes/4.js @ http://localhost:9898/@fs/Users/trentbrew/TURTLE/Projects/Sandbox/svelte-wc/app-builder/.svelte-kit/generated/client/app.js:40
[  429221ms] [ERROR] Failed to load resource: the server responded with a status of 500 (Internal Server Error) @ http://localhost:9898/src/lib/components/file-tree.svelte:0
[  430496ms] [ERROR] [vite] Internal Server Error
/Users/trentbrew/TURTLE/Projects/Sandbox/svelte-wc/app-builder/src/lib/components/file-tree.svelte:247:12 Unexpected end of input
https://svelte.dev/e/unexpected_eof

- Did you forget to add a lang attribute to your style tag?
- Did you forget to add a style preprocessor? See https://github.com/sveltejs/vite-plugin-svelte/blob/main/docs/preprocess.md for more information.
 @ http://localhost:9898/@vite/client:999
[  430496ms] [ERROR] Failed to load resource: the server responded with a status of 500 (Internal Server Error) @ http://localhost:9898/src/lib/components/file-tree.svelte:0
[  430498ms] [ERROR] [vite] Internal Server Error
/Users/trentbrew/TURTLE/Projects/Sandbox/svelte-wc/app-builder/src/lib/components/file-tree.svelte:247:12 Unexpected end of input
https://svelte.dev/e/unexpected_eof

- Did you forget to add a lang attribute to your style tag?
- Did you forget to add a style preprocessor? See https://github.com/sveltejs/vite-plugin-svelte/blob/main/docs/preprocess.md for more information.
 @ http://localhost:9898/@vite/client:999
[  432806ms] [ERROR] [vite] Internal Server Error
/Users/trentbrew/TURTLE/Projects/Sandbox/svelte-wc/app-builder/src/lib/components/file-tree.svelte:247:12 Unexpected end of input
https://svelte.dev/e/unexpected_eof

- Did you forget to add a lang attribute to your style tag?
- Did you forget to add a style preprocessor? See https://github.com/sveltejs/vite-plugin-svelte/blob/main/docs/preprocess.md for more information.
 @ http://localhost:9898/@vite/client:999
[  432806ms] [ERROR] [vite] Internal Server Error
/Users/trentbrew/TURTLE/Projects/Sandbox/svelte-wc/app-builder/src/lib/components/file-tree.svelte:247:12 Unexpected end of input
https://svelte.dev/e/unexpected_eof

- Did you forget to add a lang attribute to your style tag?
- Did you forget to add a style preprocessor? See https://github.com/sveltejs/vite-plugin-svelte/blob/main/docs/preprocess.md for more information.
 @ http://localhost:9898/@vite/client:999
[  432943ms] [ERROR] [vite] Internal Server Error
/Users/trentbrew/TURTLE/Projects/Sandbox/svelte-wc/app-builder/src/lib/components/file-tree.svelte:247:12 Unexpected end of input
https://svelte.dev/e/unexpected_eof

- Did you forget to add a lang attribute to your style tag?
- Did you forget to add a style preprocessor? See https://github.com/sveltejs/vite-plugin-svelte/blob/main/docs/preprocess.md for more information.
 @ http://localhost:9898/@vite/client:999
[  432987ms] [ERROR] Failed to load resource: the server responded with a status of 500 (Internal Server Error) @ http://localhost:9898/src/lib/components/file-tree.svelte:0
[  434157ms] [ERROR] [vite] Internal Server Error
/Users/trentbrew/TURTLE/Projects/Sandbox/svelte-wc/app-builder/src/lib/components/file-tree.svelte:247:12 Unexpected end of input
https://svelte.dev/e/unexpected_eof

- Did you forget to add a lang attribute to your style tag?
- Did you forget to add a style preprocessor? See https://github.com/sveltejs/vite-plugin-svelte/blob/main/docs/preprocess.md for more information.
 @ http://localhost:9898/@vite/client:999
[  434314ms] [ERROR] [vite] Internal Server Error
/Users/trentbrew/TURTLE/Projects/Sandbox/svelte-wc/app-builder/src/lib/components/file-tree.svelte:247:12 Unexpected end of input
https://svelte.dev/e/unexpected_eof

- Did you forget to add a lang attribute to your style tag?
- Did you forget to add a style preprocessor? See https://github.com/sveltejs/vite-plugin-svelte/blob/main/docs/preprocess.md for more information.
 @ http://localhost:9898/@vite/client:999
[  434320ms] [ERROR] Failed to load resource: the server responded with a status of 500 (Internal Server Error) @ http://localhost:9898/src/lib/components/file-tree.svelte:0
[  435666ms] [ERROR] [vite] Internal Server Error
/Users/trentbrew/TURTLE/Projects/Sandbox/svelte-wc/app-builder/src/lib/components/file-tree.svelte:247:12 Unexpected end of input
https://svelte.dev/e/unexpected_eof

- Did you forget to add a lang attribute to your style tag?
- Did you forget to add a style preprocessor? See https://github.com/sveltejs/vite-plugin-svelte/blob/main/docs/preprocess.md for more information.
 @ http://localhost:9898/@vite/client:999
[  435666ms] [ERROR] [vite] Internal Server Error
/Users/trentbrew/TURTLE/Projects/Sandbox/svelte-wc/app-builder/src/lib/components/file-tree.svelte:247:12 Unexpected end of input
https://svelte.dev/e/unexpected_eof

- Did you forget to add a lang attribute to your style tag?
- Did you forget to add a style preprocessor? See https://github.com/sveltejs/vite-plugin-svelte/blob/main/docs/preprocess.md for more information.
 @ http://localhost:9898/@vite/client:999
[  435667ms] [ERROR] Failed to load resource: the server responded with a status of 500 (Internal Server Error) @ http://localhost:9898/src/lib/components/file-tree.svelte:0
[  435738ms] [WARNING] The next HMR update will cause the page to reload @ http://localhost:9898/node_modules/.pnpm/@sveltejs+kit@2.65.1_@opentelemetry+api@1.9.1_@sveltejs+vite-plugin-svelte@5.1.1_svelte_3c8e8ea26ccb90fc2477dcb70de6ce91/node_modules/@sveltejs/kit/src/runtime/client/client.js?v=0c5e908e:3387
[  435738ms] [ERROR] TypeError: Failed to fetch dynamically imported module: http://localhost:9898/.svelte-kit/generated/client/nodes/4.js @ http://localhost:9898/@fs/Users/trentbrew/TURTLE/Projects/Sandbox/svelte-wc/app-builder/.svelte-kit/generated/client/app.js:40
[  436599ms] [ERROR] [vite] Internal Server Error
/Users/trentbrew/TURTLE/Projects/Sandbox/svelte-wc/app-builder/src/lib/components/file-tree.svelte:247:12 Unexpected end of input
https://svelte.dev/e/unexpected_eof

- Did you forget to add a lang attribute to your style tag?
- Did you forget to add a style preprocessor? See https://github.com/sveltejs/vite-plugin-svelte/blob/main/docs/preprocess.md for more information.
 @ http://localhost:9898/@vite/client:999
[  437936ms] [ERROR] [vite] Internal Server Error
/Users/trentbrew/TURTLE/Projects/Sandbox/svelte-wc/app-builder/src/lib/components/file-tree.svelte:247:12 Unexpected end of input
https://svelte.dev/e/unexpected_eof

- Did you forget to add a lang attribute to your style tag?
- Did you forget to add a style preprocessor? See https://github.com/sveltejs/vite-plugin-svelte/blob/main/docs/preprocess.md for more information.
 @ http://localhost:9898/@vite/client:999
[  438188ms] [ERROR] [vite] Internal Server Error
/Users/trentbrew/TURTLE/Projects/Sandbox/svelte-wc/app-builder/src/lib/components/file-tree.svelte:247:12 Unexpected end of input
https://svelte.dev/e/unexpected_eof

- Did you forget to add a lang attribute to your style tag?
- Did you forget to add a style preprocessor? See https://github.com/sveltejs/vite-plugin-svelte/blob/main/docs/preprocess.md for more information.
 @ http://localhost:9898/@vite/client:999
[  438190ms] [ERROR] [vite] Internal Server Error
/Users/trentbrew/TURTLE/Projects/Sandbox/svelte-wc/app-builder/src/lib/components/file-tree.svelte:247:12 Unexpected end of input
https://svelte.dev/e/unexpected_eof

- Did you forget to add a lang attribute to your style tag?
- Did you forget to add a style preprocessor? See https://github.com/sveltejs/vite-plugin-svelte/blob/main/docs/preprocess.md for more information.
 @ http://localhost:9898/@vite/client:999
[  438191ms] [ERROR] Failed to load resource: the server responded with a status of 500 (Internal Server Error) @ http://localhost:9898/src/lib/components/file-tree.svelte:0
[  439422ms] [ERROR] Failed to load resource: the server responded with a status of 500 (Internal Server Error) @ http://localhost:9898/src/lib/components/file-tree.svelte:0
[  439424ms] [ERROR] [vite] Internal Server Error
/Users/trentbrew/TURTLE/Projects/Sandbox/svelte-wc/app-builder/src/lib/components/file-tree.svelte:247:12 Unexpected end of input
https://svelte.dev/e/unexpected_eof

- Did you forget to add a lang attribute to your style tag?
- Did you forget to add a style preprocessor? See https://github.com/sveltejs/vite-plugin-svelte/blob/main/docs/preprocess.md for more information.
 @ http://localhost:9898/@vite/client:999
[  439424ms] [ERROR] [vite] Internal Server Error
/Users/trentbrew/TURTLE/Projects/Sandbox/svelte-wc/app-builder/src/lib/components/file-tree.svelte:247:12 Unexpected end of input
https://svelte.dev/e/unexpected_eof

- Did you forget to add a lang attribute to your style tag?
- Did you forget to add a style preprocessor? See https://github.com/sveltejs/vite-plugin-svelte/blob/main/docs/preprocess.md for more information.
 @ http://localhost:9898/@vite/client:999
[  439424ms] [WARNING] The next HMR update will cause the page to reload @ http://localhost:9898/node_modules/.pnpm/@sveltejs+kit@2.65.1_@opentelemetry+api@1.9.1_@sveltejs+vite-plugin-svelte@5.1.1_svelte_3c8e8ea26ccb90fc2477dcb70de6ce91/node_modules/@sveltejs/kit/src/runtime/client/client.js?v=0c5e908e:3387
[  439424ms] [ERROR] TypeError: Failed to fetch dynamically imported module: http://localhost:9898/.svelte-kit/generated/client/nodes/4.js @ http://localhost:9898/@fs/Users/trentbrew/TURTLE/Projects/Sandbox/svelte-wc/app-builder/.svelte-kit/generated/client/app.js:40
[  441305ms] [ERROR] [vite] Internal Server Error
/Users/trentbrew/TURTLE/Projects/Sandbox/svelte-wc/app-builder/src/lib/components/file-tree.svelte:247:12 Unexpected end of input
https://svelte.dev/e/unexpected_eof

- Did you forget to add a lang attribute to your style tag?
- Did you forget to add a style preprocessor? See https://github.com/sveltejs/vite-plugin-svelte/blob/main/docs/preprocess.md for more information.
 @ http://localhost:9898/@vite/client:999
[  441308ms] [ERROR] Failed to load resource: the server responded with a status of 500 (Internal Server Error) @ http://localhost:9898/src/lib/components/file-tree.svelte:0
[  441363ms] [ERROR] [vite] Internal Server Error
/Users/trentbrew/TURTLE/Projects/Sandbox/svelte-wc/app-builder/src/lib/components/file-tree.svelte:247:12 Unexpected end of input
https://svelte.dev/e/unexpected_eof

- Did you forget to add a lang attribute to your style tag?
- Did you forget to add a style preprocessor? See https://github.com/sveltejs/vite-plugin-svelte/blob/main/docs/preprocess.md for more information.
 @ http://localhost:9898/@vite/client:999
[  441488ms] [WARNING] The next HMR update will cause the page to reload @ http://localhost:9898/node_modules/.pnpm/@sveltejs+kit@2.65.1_@opentelemetry+api@1.9.1_@sveltejs+vite-plugin-svelte@5.1.1_svelte_3c8e8ea26ccb90fc2477dcb70de6ce91/node_modules/@sveltejs/kit/src/runtime/client/client.js?v=0c5e908e:3387
[  441488ms] [ERROR] TypeError: Failed to fetch dynamically imported module: http://localhost:9898/.svelte-kit/generated/client/nodes/4.js @ http://localhost:9898/@fs/Users/trentbrew/TURTLE/Projects/Sandbox/svelte-wc/app-builder/.svelte-kit/generated/client/app.js:40
[  442921ms] [ERROR] [vite] Internal Server Error
/Users/trentbrew/TURTLE/Projects/Sandbox/svelte-wc/app-builder/src/lib/components/file-tree.svelte:247:12 Unexpected end of input
https://svelte.dev/e/unexpected_eof

- Did you forget to add a lang attribute to your style tag?
- Did you forget to add a style preprocessor? See https://github.com/sveltejs/vite-plugin-svelte/blob/main/docs/preprocess.md for more information.
 @ http://localhost:9898/@vite/client:999
[  442921ms] [ERROR] Failed to load resource: the server responded with a status of 500 (Internal Server Error) @ http://localhost:9898/src/lib/components/file-tree.svelte:0
[  442923ms] [ERROR] [vite] Internal Server Error
/Users/trentbrew/TURTLE/Projects/Sandbox/svelte-wc/app-builder/src/lib/components/file-tree.svelte:247:12 Unexpected end of input
https://svelte.dev/e/unexpected_eof

- Did you forget to add a lang attribute to your style tag?
- Did you forget to add a style preprocessor? See https://github.com/sveltejs/vite-plugin-svelte/blob/main/docs/preprocess.md for more information.
 @ http://localhost:9898/@vite/client:999
[  445080ms] [ERROR] [vite] Internal Server Error
/Users/trentbrew/TURTLE/Projects/Sandbox/svelte-wc/app-builder/src/lib/components/file-tree.svelte:247:12 Unexpected end of input
https://svelte.dev/e/unexpected_eof

- Did you forget to add a lang attribute to your style tag?
- Did you forget to add a style preprocessor? See https://github.com/sveltejs/vite-plugin-svelte/blob/main/docs/preprocess.md for more information.
 @ http://localhost:9898/@vite/client:999
[  445081ms] [ERROR] Failed to load resource: the server responded with a status of 500 (Internal Server Error) @ http://localhost:9898/src/lib/components/file-tree.svelte:0
[  445081ms] [ERROR] [vite] Internal Server Error
/Users/trentbrew/TURTLE/Projects/Sandbox/svelte-wc/app-builder/src/lib/components/file-tree.svelte:247:12 Unexpected end of input
https://svelte.dev/e/unexpected_eof

- Did you forget to add a lang attribute to your style tag?
- Did you forget to add a style preprocessor? See https://github.com/sveltejs/vite-plugin-svelte/blob/main/docs/preprocess.md for more information.
 @ http://localhost:9898/@vite/client:999
[  445356ms] [WARNING] The next HMR update will cause the page to reload @ http://localhost:9898/node_modules/.pnpm/@sveltejs+kit@2.65.1_@opentelemetry+api@1.9.1_@sveltejs+vite-plugin-svelte@5.1.1_svelte_3c8e8ea26ccb90fc2477dcb70de6ce91/node_modules/@sveltejs/kit/src/runtime/client/client.js?v=0c5e908e:3387
[  445357ms] [ERROR] TypeError: Failed to fetch dynamically imported module: http://localhost:9898/.svelte-kit/generated/client/nodes/4.js @ http://localhost:9898/@fs/Users/trentbrew/TURTLE/Projects/Sandbox/svelte-wc/app-builder/.svelte-kit/generated/client/app.js:40
[  446709ms] [ERROR] [vite] Internal Server Error
/Users/trentbrew/TURTLE/Projects/Sandbox/svelte-wc/app-builder/src/lib/components/file-tree.svelte:247:12 Unexpected end of input
https://svelte.dev/e/unexpected_eof

- Did you forget to add a lang attribute to your style tag?
- Did you forget to add a style preprocessor? See https://github.com/sveltejs/vite-plugin-svelte/blob/main/docs/preprocess.md for more information.
 @ http://localhost:9898/@vite/client:999
[  446710ms] [ERROR] [vite] Internal Server Error
/Users/trentbrew/TURTLE/Projects/Sandbox/svelte-wc/app-builder/src/lib/components/file-tree.svelte:247:12 Unexpected end of input
https://svelte.dev/e/unexpected_eof

- Did you forget to add a lang attribute to your style tag?
- Did you forget to add a style preprocessor? See https://github.com/sveltejs/vite-plugin-svelte/blob/main/docs/preprocess.md for more information.
 @ http://localhost:9898/@vite/client:999
[  446711ms] [ERROR] Failed to load resource: the server responded with a status of 500 (Internal Server Error) @ http://localhost:9898/src/lib/components/file-tree.svelte:0
[  448569ms] [ERROR] [vite] Internal Server Error
/Users/trentbrew/TURTLE/Projects/Sandbox/svelte-wc/app-builder/src/lib/components/file-tree.svelte:247:12 Unexpected end of input
https://svelte.dev/e/unexpected_eof

- Did you forget to add a lang attribute to your style tag?
- Did you forget to add a style preprocessor? See https://github.com/sveltejs/vite-plugin-svelte/blob/main/docs/preprocess.md for more information.
 @ http://localhost:9898/@vite/client:999
[  448569ms] [ERROR] Failed to load resource: the server responded with a status of 500 (Internal Server Error) @ http://localhost:9898/src/lib/components/file-tree.svelte:0
[  448702ms] [WARNING] The next HMR update will cause the page to reload @ http://localhost:9898/node_modules/.pnpm/@sveltejs+kit@2.65.1_@opentelemetry+api@1.9.1_@sveltejs+vite-plugin-svelte@5.1.1_svelte_3c8e8ea26ccb90fc2477dcb70de6ce91/node_modules/@sveltejs/kit/src/runtime/client/client.js?v=0c5e908e:3387
[  448702ms] [ERROR] TypeError: Failed to fetch dynamically imported module: http://localhost:9898/.svelte-kit/generated/client/nodes/4.js @ http://localhost:9898/@fs/Users/trentbrew/TURTLE/Projects/Sandbox/svelte-wc/app-builder/.svelte-kit/generated/client/app.js:40
[  448710ms] [ERROR] [vite] Internal Server Error
/Users/trentbrew/TURTLE/Projects/Sandbox/svelte-wc/app-builder/src/lib/components/file-tree.svelte:247:12 Unexpected end of input
https://svelte.dev/e/unexpected_eof

- Did you forget to add a lang attribute to your style tag?
- Did you forget to add a style preprocessor? See https://github.com/sveltejs/vite-plugin-svelte/blob/main/docs/preprocess.md for more information.
 @ http://localhost:9898/@vite/client:999
[  449882ms] [ERROR] [vite] Internal Server Error
/Users/trentbrew/TURTLE/Projects/Sandbox/svelte-wc/app-builder/src/lib/components/file-tree.svelte:247:12 Unexpected end of input
https://svelte.dev/e/unexpected_eof

- Did you forget to add a lang attribute to your style tag?
- Did you forget to add a style preprocessor? See https://github.com/sveltejs/vite-plugin-svelte/blob/main/docs/preprocess.md for more information.
 @ http://localhost:9898/@vite/client:999
[  449883ms] [ERROR] Failed to load resource: the server responded with a status of 500 (Internal Server Error) @ http://localhost:9898/src/lib/components/file-tree.svelte:0
[  449980ms] [WARNING] The next HMR update will cause the page to reload @ http://localhost:9898/node_modules/.pnpm/@sveltejs+kit@2.65.1_@opentelemetry+api@1.9.1_@sveltejs+vite-plugin-svelte@5.1.1_svelte_3c8e8ea26ccb90fc2477dcb70de6ce91/node_modules/@sveltejs/kit/src/runtime/client/client.js?v=0c5e908e:3387
[  449980ms] [ERROR] TypeError: Failed to fetch dynamically imported module: http://localhost:9898/.svelte-kit/generated/client/nodes/4.js @ http://localhost:9898/@fs/Users/trentbrew/TURTLE/Projects/Sandbox/svelte-wc/app-builder/.svelte-kit/generated/client/app.js:40
[  451021ms] [ERROR] [vite] Internal Server Error
/Users/trentbrew/TURTLE/Projects/Sandbox/svelte-wc/app-builder/src/lib/components/file-tree.svelte:247:12 Unexpected end of input
https://svelte.dev/e/unexpected_eof

- Did you forget to add a lang attribute to your style tag?
- Did you forget to add a style preprocessor? See https://github.com/sveltejs/vite-plugin-svelte/blob/main/docs/preprocess.md for more information.
 @ http://localhost:9898/@vite/client:999
[  451022ms] [ERROR] Failed to load resource: the server responded with a status of 500 (Internal Server Error) @ http://localhost:9898/src/lib/components/file-tree.svelte:0
[  451914ms] [ERROR] [vite] Internal Server Error
/Users/trentbrew/TURTLE/Projects/Sandbox/svelte-wc/app-builder/src/lib/components/file-tree.svelte:247:12 Unexpected end of input
https://svelte.dev/e/unexpected_eof

- Did you forget to add a lang attribute to your style tag?
- Did you forget to add a style preprocessor? See https://github.com/sveltejs/vite-plugin-svelte/blob/main/docs/preprocess.md for more information.
 @ http://localhost:9898/@vite/client:999
[  452985ms] [ERROR] [vite] Internal Server Error
/Users/trentbrew/TURTLE/Projects/Sandbox/svelte-wc/app-builder/src/lib/components/file-tree.svelte:247:12 Unexpected end of input
https://svelte.dev/e/unexpected_eof

- Did you forget to add a lang attribute to your style tag?
- Did you forget to add a style preprocessor? See https://github.com/sveltejs/vite-plugin-svelte/blob/main/docs/preprocess.md for more information.
 @ http://localhost:9898/@vite/client:999
[  455108ms] [ERROR] [vite] Internal Server Error
/Users/trentbrew/TURTLE/Projects/Sandbox/svelte-wc/app-builder/src/lib/components/file-tree.svelte:247:12 Unexpected end of input
https://svelte.dev/e/unexpected_eof

- Did you forget to add a lang attribute to your style tag?
- Did you forget to add a style preprocessor? See https://github.com/sveltejs/vite-plugin-svelte/blob/main/docs/preprocess.md for more information.
 @ http://localhost:9898/@vite/client:999
[  455108ms] [ERROR] Failed to load resource: the server responded with a status of 500 (Internal Server Error) @ http://localhost:9898/src/lib/components/file-tree.svelte:0
[  455110ms] [ERROR] [vite] Internal Server Error
/Users/trentbrew/TURTLE/Projects/Sandbox/svelte-wc/app-builder/src/lib/components/file-tree.svelte:247:12 Unexpected end of input
https://svelte.dev/e/unexpected_eof

- Did you forget to add a lang attribute to your style tag?
- Did you forget to add a style preprocessor? See https://github.com/sveltejs/vite-plugin-svelte/blob/main/docs/preprocess.md for more information.
 @ http://localhost:9898/@vite/client:999
[  455219ms] [WARNING] The next HMR update will cause the page to reload @ http://localhost:9898/node_modules/.pnpm/@sveltejs+kit@2.65.1_@opentelemetry+api@1.9.1_@sveltejs+vite-plugin-svelte@5.1.1_svelte_3c8e8ea26ccb90fc2477dcb70de6ce91/node_modules/@sveltejs/kit/src/runtime/client/client.js?v=0c5e908e:3387
[  455219ms] [ERROR] TypeError: Failed to fetch dynamically imported module: http://localhost:9898/.svelte-kit/generated/client/nodes/4.js @ http://localhost:9898/@fs/Users/trentbrew/TURTLE/Projects/Sandbox/svelte-wc/app-builder/.svelte-kit/generated/client/app.js:40
[  456573ms] [ERROR] [vite] Internal Server Error
/Users/trentbrew/TURTLE/Projects/Sandbox/svelte-wc/app-builder/src/lib/components/file-tree.svelte:247:12 Unexpected end of input
https://svelte.dev/e/unexpected_eof

- Did you forget to add a lang attribute to your style tag?
- Did you forget to add a style preprocessor? See https://github.com/sveltejs/vite-plugin-svelte/blob/main/docs/preprocess.md for more information.
 @ http://localhost:9898/@vite/client:999
[  456575ms] [ERROR] [vite] Internal Server Error
/Users/trentbrew/TURTLE/Projects/Sandbox/svelte-wc/app-builder/src/lib/components/file-tree.svelte:247:12 Unexpected end of input
https://svelte.dev/e/unexpected_eof

- Did you forget to add a lang attribute to your style tag?
- Did you forget to add a style preprocessor? See https://github.com/sveltejs/vite-plugin-svelte/blob/main/docs/preprocess.md for more information.
 @ http://localhost:9898/@vite/client:999
[  456580ms] [ERROR] Failed to load resource: the server responded with a status of 500 (Internal Server Error) @ http://localhost:9898/src/lib/components/file-tree.svelte:0
[  456729ms] [WARNING] The next HMR update will cause the page to reload @ http://localhost:9898/node_modules/.pnpm/@sveltejs+kit@2.65.1_@opentelemetry+api@1.9.1_@sveltejs+vite-plugin-svelte@5.1.1_svelte_3c8e8ea26ccb90fc2477dcb70de6ce91/node_modules/@sveltejs/kit/src/runtime/client/client.js?v=0c5e908e:3387
[  456729ms] [ERROR] TypeError: Failed to fetch dynamically imported module: http://localhost:9898/.svelte-kit/generated/client/nodes/4.js @ http://localhost:9898/@fs/Users/trentbrew/TURTLE/Projects/Sandbox/svelte-wc/app-builder/.svelte-kit/generated/client/app.js:40
[  456573ms] [ERROR] [vite] Internal Server Error
/Users/trentbrew/TURTLE/Projects/Sandbox/svelte-wc/app-builder/src/lib/components/file-tree.svelte:247:12 Unexpected end of input
https://svelte.dev/e/unexpected_eof

- Did you forget to add a lang attribute to your style tag?
- Did you forget to add a style preprocessor? See https://github.com/sveltejs/vite-plugin-svelte/blob/main/docs/preprocess.md for more information.
 @ http://localhost:9898/@vite/client:999
[  456575ms] [ERROR] [vite] Internal Server Error
/Users/trentbrew/TURTLE/Projects/Sandbox/svelte-wc/app-builder/src/lib/components/file-tree.svelte:247:12 Unexpected end of input
https://svelte.dev/e/unexpected_eof

- Did you forget to add a lang attribute to your style tag?
- Did you forget to add a style preprocessor? See https://github.com/sveltejs/vite-plugin-svelte/blob/main/docs/preprocess.md for more information.
 @ http://localhost:9898/@vite/client:999
[  456729ms] [WARNING] The next HMR update will cause the page to reload @ http://localhost:9898/node_modules/.pnpm/@sveltejs+kit@2.65.1_@opentelemetry+api@1.9.1_@sveltejs+vite-plugin-svelte@5.1.1_svelte_3c8e8ea26ccb90fc2477dcb70de6ce91/node_modules/@sveltejs/kit/src/runtime/client/client.js?v=0c5e908e:3387
[  456729ms] [ERROR] TypeError: Failed to fetch dynamically imported module: http://localhost:9898/.svelte-kit/generated/client/nodes/4.js @ http://localhost:9898/@fs/Users/trentbrew/TURTLE/Projects/Sandbox/svelte-wc/app-builder/.svelte-kit/generated/client/app.js:40
[  456580ms] [ERROR] Failed to load resource: the server responded with a status of 500 (Internal Server Error) @ http://localhost:9898/src/lib/components/file-tree.svelte:0
[  458276ms] [ERROR] [vite] Internal Server Error
/Users/trentbrew/TURTLE/Projects/Sandbox/svelte-wc/app-builder/src/lib/components/file-tree.svelte:247:12 Unexpected end of input
https://svelte.dev/e/unexpected_eof

- Did you forget to add a lang attribute to your style tag?
- Did you forget to add a style preprocessor? See https://github.com/sveltejs/vite-plugin-svelte/blob/main/docs/preprocess.md for more information.
 @ http://localhost:9898/@vite/client:999
[  458277ms] [ERROR] [vite] Internal Server Error
/Users/trentbrew/TURTLE/Projects/Sandbox/svelte-wc/app-builder/src/lib/components/file-tree.svelte:247:12 Unexpected end of input
https://svelte.dev/e/unexpected_eof

- Did you forget to add a lang attribute to your style tag?
- Did you forget to add a style preprocessor? See https://github.com/sveltejs/vite-plugin-svelte/blob/main/docs/preprocess.md for more information.
 @ http://localhost:9898/@vite/client:999
[  458277ms] [ERROR] Failed to load resource: the server responded with a status of 500 (Internal Server Error) @ http://localhost:9898/src/lib/components/file-tree.svelte:0
[  458348ms] [WARNING] The next HMR update will cause the page to reload @ http://localhost:9898/node_modules/.pnpm/@sveltejs+kit@2.65.1_@opentelemetry+api@1.9.1_@sveltejs+vite-plugin-svelte@5.1.1_svelte_3c8e8ea26ccb90fc2477dcb70de6ce91/node_modules/@sveltejs/kit/src/runtime/client/client.js?v=0c5e908e:3387
[  458349ms] [ERROR] TypeError: Failed to fetch dynamically imported module: http://localhost:9898/.svelte-kit/generated/client/nodes/4.js @ http://localhost:9898/@fs/Users/trentbrew/TURTLE/Projects/Sandbox/svelte-wc/app-builder/.svelte-kit/generated/client/app.js:40
[  459431ms] [ERROR] [vite] Internal Server Error
/Users/trentbrew/TURTLE/Projects/Sandbox/svelte-wc/app-builder/src/lib/components/file-tree.svelte:247:12 Unexpected end of input
https://svelte.dev/e/unexpected_eof

- Did you forget to add a lang attribute to your style tag?
- Did you forget to add a style preprocessor? See https://github.com/sveltejs/vite-plugin-svelte/blob/main/docs/preprocess.md for more information.
 @ http://localhost:9898/@vite/client:999
[  459431ms] [ERROR] [vite] Internal Server Error
/Users/trentbrew/TURTLE/Projects/Sandbox/svelte-wc/app-builder/src/lib/components/file-tree.svelte:247:12 Unexpected end of input
https://svelte.dev/e/unexpected_eof

- Did you forget to add a lang attribute to your style tag?
- Did you forget to add a style preprocessor? See https://github.com/sveltejs/vite-plugin-svelte/blob/main/docs/preprocess.md for more information.
 @ http://localhost:9898/@vite/client:999
[  459432ms] [ERROR] Failed to load resource: the server responded with a status of 500 (Internal Server Error) @ http://localhost:9898/src/lib/components/file-tree.svelte:0
[  459578ms] [WARNING] The next HMR update will cause the page to reload @ http://localhost:9898/node_modules/.pnpm/@sveltejs+kit@2.65.1_@opentelemetry+api@1.9.1_@sveltejs+vite-plugin-svelte@5.1.1_svelte_3c8e8ea26ccb90fc2477dcb70de6ce91/node_modules/@sveltejs/kit/src/runtime/client/client.js?v=0c5e908e:3387
[  459578ms] [ERROR] TypeError: Failed to fetch dynamically imported module: http://localhost:9898/.svelte-kit/generated/client/nodes/4.js @ http://localhost:9898/@fs/Users/trentbrew/TURTLE/Projects/Sandbox/svelte-wc/app-builder/.svelte-kit/generated/client/app.js:40
[  460858ms] [ERROR] [vite] Internal Server Error
/Users/trentbrew/TURTLE/Projects/Sandbox/svelte-wc/app-builder/src/lib/components/file-tree.svelte:247:12 Unexpected end of input
https://svelte.dev/e/unexpected_eof

- Did you forget to add a lang attribute to your style tag?
- Did you forget to add a style preprocessor? See https://github.com/sveltejs/vite-plugin-svelte/blob/main/docs/preprocess.md for more information.
 @ http://localhost:9898/@vite/client:999
[  460858ms] [ERROR] Failed to load resource: the server responded with a status of 500 (Internal Server Error) @ http://localhost:9898/src/lib/components/file-tree.svelte:0
[  460978ms] [ERROR] [vite] Internal Server Error
/Users/trentbrew/TURTLE/Projects/Sandbox/svelte-wc/app-builder/src/lib/components/file-tree.svelte:247:12 Unexpected end of input
https://svelte.dev/e/unexpected_eof

- Did you forget to add a lang attribute to your style tag?
- Did you forget to add a style preprocessor? See https://github.com/sveltejs/vite-plugin-svelte/blob/main/docs/preprocess.md for more information.
 @ http://localhost:9898/@vite/client:999
[  462125ms] [ERROR] [vite] Internal Server Error
/Users/trentbrew/TURTLE/Projects/Sandbox/svelte-wc/app-builder/src/lib/components/file-tree.svelte:247:12 Unexpected end of input
https://svelte.dev/e/unexpected_eof

- Did you forget to add a lang attribute to your style tag?
- Did you forget to add a style preprocessor? See https://github.com/sveltejs/vite-plugin-svelte/blob/main/docs/preprocess.md for more information.
 @ http://localhost:9898/@vite/client:999
[  462126ms] [ERROR] [vite] Internal Server Error
/Users/trentbrew/TURTLE/Projects/Sandbox/svelte-wc/app-builder/src/lib/components/file-tree.svelte:247:12 Unexpected end of input
https://svelte.dev/e/unexpected_eof

- Did you forget to add a lang attribute to your style tag?
- Did you forget to add a style preprocessor? See https://github.com/sveltejs/vite-plugin-svelte/blob/main/docs/preprocess.md for more information.
 @ http://localhost:9898/@vite/client:999
[  462127ms] [ERROR] Failed to load resource: the server responded with a status of 500 (Internal Server Error) @ http://localhost:9898/src/lib/components/file-tree.svelte:0
[  462185ms] [WARNING] The next HMR update will cause the page to reload @ http://localhost:9898/node_modules/.pnpm/@sveltejs+kit@2.65.1_@opentelemetry+api@1.9.1_@sveltejs+vite-plugin-svelte@5.1.1_svelte_3c8e8ea26ccb90fc2477dcb70de6ce91/node_modules/@sveltejs/kit/src/runtime/client/client.js?v=0c5e908e:3387
[  462185ms] [ERROR] TypeError: Failed to fetch dynamically imported module: http://localhost:9898/.svelte-kit/generated/client/nodes/4.js @ http://localhost:9898/@fs/Users/trentbrew/TURTLE/Projects/Sandbox/svelte-wc/app-builder/.svelte-kit/generated/client/app.js:40
[  462125ms] [ERROR] [vite] Internal Server Error
/Users/trentbrew/TURTLE/Projects/Sandbox/svelte-wc/app-builder/src/lib/components/file-tree.svelte:247:12 Unexpected end of input
https://svelte.dev/e/unexpected_eof

- Did you forget to add a lang attribute to your style tag?
- Did you forget to add a style preprocessor? See https://github.com/sveltejs/vite-plugin-svelte/blob/main/docs/preprocess.md for more information.
 @ http://localhost:9898/@vite/client:999
[  462126ms] [ERROR] [vite] Internal Server Error
/Users/trentbrew/TURTLE/Projects/Sandbox/svelte-wc/app-builder/src/lib/components/file-tree.svelte:247:12 Unexpected end of input
https://svelte.dev/e/unexpected_eof

- Did you forget to add a lang attribute to your style tag?
- Did you forget to add a style preprocessor? See https://github.com/sveltejs/vite-plugin-svelte/blob/main/docs/preprocess.md for more information.
 @ http://localhost:9898/@vite/client:999
[  462185ms] [WARNING] The next HMR update will cause the page to reload @ http://localhost:9898/node_modules/.pnpm/@sveltejs+kit@2.65.1_@opentelemetry+api@1.9.1_@sveltejs+vite-plugin-svelte@5.1.1_svelte_3c8e8ea26ccb90fc2477dcb70de6ce91/node_modules/@sveltejs/kit/src/runtime/client/client.js?v=0c5e908e:3387
[  462185ms] [ERROR] TypeError: Failed to fetch dynamically imported module: http://localhost:9898/.svelte-kit/generated/client/nodes/4.js @ http://localhost:9898/@fs/Users/trentbrew/TURTLE/Projects/Sandbox/svelte-wc/app-builder/.svelte-kit/generated/client/app.js:40
[  462127ms] [ERROR] Failed to load resource: the server responded with a status of 500 (Internal Server Error) @ http://localhost:9898/src/lib/components/file-tree.svelte:0
[  463303ms] [ERROR] [vite] Internal Server Error
/Users/trentbrew/TURTLE/Projects/Sandbox/svelte-wc/app-builder/src/lib/components/file-tree.svelte:247:12 Unexpected end of input
https://svelte.dev/e/unexpected_eof

- Did you forget to add a lang attribute to your style tag?
- Did you forget to add a style preprocessor? See https://github.com/sveltejs/vite-plugin-svelte/blob/main/docs/preprocess.md for more information.
 @ http://localhost:9898/@vite/client:999
[  464277ms] [ERROR] [vite] Internal Server Error
/Users/trentbrew/TURTLE/Projects/Sandbox/svelte-wc/app-builder/src/lib/components/file-tree.svelte:247:12 Unexpected end of input
https://svelte.dev/e/unexpected_eof

- Did you forget to add a lang attribute to your style tag?
- Did you forget to add a style preprocessor? See https://github.com/sveltejs/vite-plugin-svelte/blob/main/docs/preprocess.md for more information.
 @ http://localhost:9898/@vite/client:999
[  464668ms] [ERROR] [vite] Internal Server Error
/Users/trentbrew/TURTLE/Projects/Sandbox/svelte-wc/app-builder/src/lib/components/file-tree.svelte:247:12 Unexpected end of input
https://svelte.dev/e/unexpected_eof

- Did you forget to add a lang attribute to your style tag?
- Did you forget to add a style preprocessor? See https://github.com/sveltejs/vite-plugin-svelte/blob/main/docs/preprocess.md for more information.
 @ http://localhost:9898/@vite/client:999
[  465232ms] [ERROR] Failed to load resource: the server responded with a status of 500 (Internal Server Error) @ http://localhost:9898/src/lib/components/file-tree.svelte:0
[  465239ms] [ERROR] [vite] Internal Server Error
/Users/trentbrew/TURTLE/Projects/Sandbox/svelte-wc/app-builder/src/lib/components/file-tree.svelte:247:12 Unexpected end of input
https://svelte.dev/e/unexpected_eof

- Did you forget to add a lang attribute to your style tag?
- Did you forget to add a style preprocessor? See https://github.com/sveltejs/vite-plugin-svelte/blob/main/docs/preprocess.md for more information.
 @ http://localhost:9898/@vite/client:999
[  465398ms] [WARNING] The next HMR update will cause the page to reload @ http://localhost:9898/node_modules/.pnpm/@sveltejs+kit@2.65.1_@opentelemetry+api@1.9.1_@sveltejs+vite-plugin-svelte@5.1.1_svelte_3c8e8ea26ccb90fc2477dcb70de6ce91/node_modules/@sveltejs/kit/src/runtime/client/client.js?v=0c5e908e:3387
[  465398ms] [ERROR] TypeError: Failed to fetch dynamically imported module: http://localhost:9898/.svelte-kit/generated/client/nodes/4.js @ http://localhost:9898/@fs/Users/trentbrew/TURTLE/Projects/Sandbox/svelte-wc/app-builder/.svelte-kit/generated/client/app.js:40
[  465239ms] [ERROR] [vite] Internal Server Error
/Users/trentbrew/TURTLE/Projects/Sandbox/svelte-wc/app-builder/src/lib/components/file-tree.svelte:247:12 Unexpected end of input
https://svelte.dev/e/unexpected_eof

- Did you forget to add a lang attribute to your style tag?
- Did you forget to add a style preprocessor? See https://github.com/sveltejs/vite-plugin-svelte/blob/main/docs/preprocess.md for more information.
 @ http://localhost:9898/@vite/client:999
[  465398ms] [WARNING] The next HMR update will cause the page to reload @ http://localhost:9898/node_modules/.pnpm/@sveltejs+kit@2.65.1_@opentelemetry+api@1.9.1_@sveltejs+vite-plugin-svelte@5.1.1_svelte_3c8e8ea26ccb90fc2477dcb70de6ce91/node_modules/@sveltejs/kit/src/runtime/client/client.js?v=0c5e908e:3387
[  465398ms] [ERROR] TypeError: Failed to fetch dynamically imported module: http://localhost:9898/.svelte-kit/generated/client/nodes/4.js @ http://localhost:9898/@fs/Users/trentbrew/TURTLE/Projects/Sandbox/svelte-wc/app-builder/.svelte-kit/generated/client/app.js:40
[  465232ms] [ERROR] Failed to load resource: the server responded with a status of 500 (Internal Server Error) @ http://localhost:9898/src/lib/components/file-tree.svelte:0
[  466970ms] [ERROR] [vite] Internal Server Error
/Users/trentbrew/TURTLE/Projects/Sandbox/svelte-wc/app-builder/src/lib/components/file-tree.svelte:247:12 Unexpected end of input
https://svelte.dev/e/unexpected_eof

- Did you forget to add a lang attribute to your style tag?
- Did you forget to add a style preprocessor? See https://github.com/sveltejs/vite-plugin-svelte/blob/main/docs/preprocess.md for more information.
 @ http://localhost:9898/@vite/client:999
[  466972ms] [ERROR] [vite] Internal Server Error
/Users/trentbrew/TURTLE/Projects/Sandbox/svelte-wc/app-builder/src/lib/components/file-tree.svelte:247:12 Unexpected end of input
https://svelte.dev/e/unexpected_eof

- Did you forget to add a lang attribute to your style tag?
- Did you forget to add a style preprocessor? See https://github.com/sveltejs/vite-plugin-svelte/blob/main/docs/preprocess.md for more information.
 @ http://localhost:9898/@vite/client:999
[  466973ms] [ERROR] Failed to load resource: the server responded with a status of 500 (Internal Server Error) @ http://localhost:9898/src/lib/components/file-tree.svelte:0
[  467284ms] [WARNING] The next HMR update will cause the page to reload @ http://localhost:9898/node_modules/.pnpm/@sveltejs+kit@2.65.1_@opentelemetry+api@1.9.1_@sveltejs+vite-plugin-svelte@5.1.1_svelte_3c8e8ea26ccb90fc2477dcb70de6ce91/node_modules/@sveltejs/kit/src/runtime/client/client.js?v=0c5e908e:3387
[  467285ms] [ERROR] TypeError: Failed to fetch dynamically imported module: http://localhost:9898/.svelte-kit/generated/client/nodes/4.js @ http://localhost:9898/@fs/Users/trentbrew/TURTLE/Projects/Sandbox/svelte-wc/app-builder/.svelte-kit/generated/client/app.js:40
[  466970ms] [ERROR] [vite] Internal Server Error
/Users/trentbrew/TURTLE/Projects/Sandbox/svelte-wc/app-builder/src/lib/components/file-tree.svelte:247:12 Unexpected end of input
https://svelte.dev/e/unexpected_eof

- Did you forget to add a lang attribute to your style tag?
- Did you forget to add a style preprocessor? See https://github.com/sveltejs/vite-plugin-svelte/blob/main/docs/preprocess.md for more information.
 @ http://localhost:9898/@vite/client:999
[  466972ms] [ERROR] [vite] Internal Server Error
/Users/trentbrew/TURTLE/Projects/Sandbox/svelte-wc/app-builder/src/lib/components/file-tree.svelte:247:12 Unexpected end of input
https://svelte.dev/e/unexpected_eof

- Did you forget to add a lang attribute to your style tag?
- Did you forget to add a style preprocessor? See https://github.com/sveltejs/vite-plugin-svelte/blob/main/docs/preprocess.md for more information.
 @ http://localhost:9898/@vite/client:999
[  467284ms] [WARNING] The next HMR update will cause the page to reload @ http://localhost:9898/node_modules/.pnpm/@sveltejs+kit@2.65.1_@opentelemetry+api@1.9.1_@sveltejs+vite-plugin-svelte@5.1.1_svelte_3c8e8ea26ccb90fc2477dcb70de6ce91/node_modules/@sveltejs/kit/src/runtime/client/client.js?v=0c5e908e:3387
[  467285ms] [ERROR] TypeError: Failed to fetch dynamically imported module: http://localhost:9898/.svelte-kit/generated/client/nodes/4.js @ http://localhost:9898/@fs/Users/trentbrew/TURTLE/Projects/Sandbox/svelte-wc/app-builder/.svelte-kit/generated/client/app.js:40
[  466973ms] [ERROR] Failed to load resource: the server responded with a status of 500 (Internal Server Error) @ http://localhost:9898/src/lib/components/file-tree.svelte:0
[  468212ms] [ERROR] [vite] Internal Server Error
/Users/trentbrew/TURTLE/Projects/Sandbox/svelte-wc/app-builder/src/lib/components/file-tree.svelte:247:12 Unexpected end of input
https://svelte.dev/e/unexpected_eof

- Did you forget to add a lang attribute to your style tag?
- Did you forget to add a style preprocessor? See https://github.com/sveltejs/vite-plugin-svelte/blob/main/docs/preprocess.md for more information.
 @ http://localhost:9898/@vite/client:999
[  469104ms] [ERROR] [vite] Internal Server Error
/Users/trentbrew/TURTLE/Projects/Sandbox/svelte-wc/app-builder/src/lib/components/file-tree.svelte:247:12 Unexpected end of input
https://svelte.dev/e/unexpected_eof

- Did you forget to add a lang attribute to your style tag?
- Did you forget to add a style preprocessor? See https://github.com/sveltejs/vite-plugin-svelte/blob/main/docs/preprocess.md for more information.
 @ http://localhost:9898/@vite/client:999
[  469105ms] [ERROR] [vite] Internal Server Error
/Users/trentbrew/TURTLE/Projects/Sandbox/svelte-wc/app-builder/src/lib/components/file-tree.svelte:247:12 Unexpected end of input
https://svelte.dev/e/unexpected_eof

- Did you forget to add a lang attribute to your style tag?
- Did you forget to add a style preprocessor? See https://github.com/sveltejs/vite-plugin-svelte/blob/main/docs/preprocess.md for more information.
 @ http://localhost:9898/@vite/client:999
[  469106ms] [ERROR] Failed to load resource: the server responded with a status of 500 (Internal Server Error) @ http://localhost:9898/src/lib/components/file-tree.svelte:0
[  470444ms] [ERROR] [vite] Internal Server Error
/Users/trentbrew/TURTLE/Projects/Sandbox/svelte-wc/app-builder/src/lib/components/file-tree.svelte:247:12 Unexpected end of input
https://svelte.dev/e/unexpected_eof

- Did you forget to add a lang attribute to your style tag?
- Did you forget to add a style preprocessor? See https://github.com/sveltejs/vite-plugin-svelte/blob/main/docs/preprocess.md for more information.
 @ http://localhost:9898/@vite/client:999
[  470444ms] [ERROR] Failed to load resource: the server responded with a status of 500 (Internal Server Error) @ http://localhost:9898/src/lib/components/file-tree.svelte:0
[  470572ms] [ERROR] [vite] Internal Server Error
/Users/trentbrew/TURTLE/Projects/Sandbox/svelte-wc/app-builder/src/lib/components/file-tree.svelte:247:12 Unexpected end of input
https://svelte.dev/e/unexpected_eof

- Did you forget to add a lang attribute to your style tag?
- Did you forget to add a style preprocessor? See https://github.com/sveltejs/vite-plugin-svelte/blob/main/docs/preprocess.md for more information.
 @ http://localhost:9898/@vite/client:999
[  470602ms] [WARNING] The next HMR update will cause the page to reload @ http://localhost:9898/node_modules/.pnpm/@sveltejs+kit@2.65.1_@opentelemetry+api@1.9.1_@sveltejs+vite-plugin-svelte@5.1.1_svelte_3c8e8ea26ccb90fc2477dcb70de6ce91/node_modules/@sveltejs/kit/src/runtime/client/client.js?v=0c5e908e:3387
[  470603ms] [ERROR] TypeError: Failed to fetch dynamically imported module: http://localhost:9898/.svelte-kit/generated/client/nodes/4.js @ http://localhost:9898/@fs/Users/trentbrew/TURTLE/Projects/Sandbox/svelte-wc/app-builder/.svelte-kit/generated/client/app.js:40
[  471563ms] [ERROR] WebSocket connection to 'ws://localhost:9898/?token=G1_FlhlXfu1-' failed: Error during WebSocket handshake: net::ERR_CONNECTION_RESET @ http://localhost:9898/@vite/client:801
[  471571ms] [ERROR] Failed to load resource: net::ERR_CONNECTION_REFUSED @ http://localhost:9898/src/lib/frontmatterEditor.ts:0
[  471571ms] [ERROR] Failed to load resource: net::ERR_CONNECTION_REFUSED @ http://localhost:9898/src/lib/components/file-pane.svelte?svelte&type=style&lang.css:0
[  471571ms] [ERROR] Failed to load resource: net::ERR_CONNECTION_REFUSED @ http://localhost:9898/src/lib/components/logs-panel.svelte:0
[  471576ms] [ERROR] Failed to load resource: net::ERR_CONNECTION_REFUSED @ http://localhost:9898/src/lib/components/console-panel.svelte:0
[  471576ms] [ERROR] Failed to load resource: net::ERR_CONNECTION_REFUSED @ http://localhost:9898/src/lib/previewConsole.svelte.ts:0
[  471576ms] [ERROR] Failed to load resource: net::ERR_CONNECTION_REFUSED @ http://localhost:9898/src/lib/components/chat-transcript.svelte:0
[  471581ms] [ERROR] Failed to load resource: net::ERR_CONNECTION_REFUSED @ http://localhost:9898/src/lib/components/ui/dropdown-menu/index.ts:0
[  471581ms] [ERROR] Failed to load resource: net::ERR_CONNECTION_REFUSED @ http://localhost:9898/src/lib/components/ui/empty/index.ts:0
[  471581ms] [ERROR] Failed to load resource: net::ERR_CONNECTION_REFUSED @ http://localhost:9898/src/lib/components/ui/input-group/index.ts:0
[  471581ms] [WARNING] The next HMR update will cause the page to reload @ http://localhost:9898/node_modules/.pnpm/@sveltejs+kit@2.65.1_@opentelemetry+api@1.9.1_@sveltejs+vite-plugin-svelte@5.1.1_svelte_3c8e8ea26ccb90fc2477dcb70de6ce91/node_modules/@sveltejs/kit/src/runtime/client/client.js?v=0c5e908e:3387
[  471581ms] [ERROR] TypeError: Failed to fetch dynamically imported module: http://localhost:9898/.svelte-kit/generated/client/nodes/0.js?t=1787588267365 @ http://localhost:9898/@fs/Users/trentbrew/TURTLE/Projects/Sandbox/svelte-wc/app-builder/.svelte-kit/generated/client/app.js:40
[  471583ms] Failed to fetch dynamically imported module: http://localhost:9898/.svelte-kit/generated/client/nodes/0.js?t=1787588267365
[  471583ms] Failed to fetch dynamically imported module: http://localhost:9898/.svelte-kit/generated/client/nodes/0.js?t=1787588267365
[  471585ms] [ERROR] Failed to load resource: net::ERR_CONNECTION_REFUSED @ http://localhost:9898/src/lib/components/ui/message-scroller/index.ts:0
[  471585ms] [ERROR] Failed to load resource: net::ERR_CONNECTION_REFUSED @ http://localhost:9898/src/lib/components/ui/tooltip/index.ts:0
[  471585ms] [ERROR] Failed to load resource: net::ERR_CONNECTION_REFUSED @ http://localhost:9898/src/lib/ai/messages.ts:0
[  471585ms] [ERROR] Failed to load resource: net::ERR_CONNECTION_REFUSED @ http://localhost:9898/src/lib/chat.svelte.ts:0
[  471585ms] [ERROR] WebSocket connection to 'ws://localhost:9898/?token=G1_FlhlXfu1-' failed: Error in connection establishment: net::ERR_CONNECTION_REFUSED @ http://localhost:9898/@vite/client:814
[  471585ms] [ERROR] [vite] failed to connect to websocket.
your current setup:
  (browser) localhost:9898/ <--[HTTP]--> localhost:9898/ (server)
  (browser) localhost:9898/ <--[WebSocket (failing)]--> localhost:9898/ (server)
Check out your Vite / network configuration and https://vite.dev/config/server-options.html#server-hmr . @ http://localhost:9898/@vite/client:829
[  471604ms] [ERROR] Failed to load resource: net::ERR_CONNECTION_REFUSED @ http://localhost:9898/src/lib/chat/settings.svelte.ts:0
[  471604ms] [ERROR] Failed to load resource: net::ERR_CONNECTION_REFUSED @ http://localhost:9898/src/lib/components/chat-pane.svelte?svelte&type=style&lang.css:0
[  471606ms] [ERROR] Failed to load resource: net::ERR_CONNECTION_REFUSED @ http://localhost:9898/src/lib/components/preview-panel.svelte:0
[  471606ms] [ERROR] Failed to load resource: net::ERR_CONNECTION_REFUSED @ http://localhost:9898/src/lib/components/settings-form.svelte:0
[  471606ms] [ERROR] Failed to load resource: net::ERR_CONNECTION_REFUSED @ http://localhost:9898/src/lib/components/settings-pane.svelte?svelte&type=style&lang.css:0
[  471606ms] [ERROR] Failed to load resource: net::ERR_CONNECTION_REFUSED @ http://localhost:9898/src/lib/Terminal.svelte:0
[  471646ms] [ERROR] Failed to load resource: the server responded with a status of 500 (Internal Server Error) @ http://localhost:9898/src/lib/components/file-icon.svelte?svelte&type=style&lang.css:0
[  471655ms] [ERROR] Failed to load resource: the server responded with a status of 500 (Internal Server Error) @ http://localhost:9898/src/lib/components/pane-chrome.svelte?svelte&type=style&lang.css:0
[  525745ms] [ERROR] [vite] Internal Server Error
Invalid declaration: `Snippet`
    at me (file:///Users/trentbrew/TURTLE/Projects/Sandbox/svelte-wc/app-builder/node_modules/.pnpm/tailwindcss@4.1.4/node_modules/tailwindcss/dist/chunk-QMW34FGX.mjs:3:2239)
    at Xa (file:///Users/trentbrew/TURTLE/Projects/Sandbox/svelte-wc/app-builder/node_modules/.pnpm/tailwindcss@4.1.4/node_modules/tailwindcss/dist/chunk-QMW34FGX.mjs:36:1799)
    at ta (file:///Users/trentbrew/TURTLE/Projects/Sandbox/svelte-wc/app-builder/node_modules/.pnpm/@tailwindcss+node@4.1.4/node_modules/@tailwindcss/node/dist/index.mjs:12:3361)
    at R.generate (file:///Users/trentbrew/TURTLE/Projects/Sandbox/svelte-wc/app-builder/node_modules/.pnpm/@tailwindcss+vite@4.1.4_vite@6.3.2_jiti@2.4.2_lightningcss@1.30.1_yaml@2.8.3_/node_modules/@tailwindcss/vite/dist/index.mjs:1:3517)
    at TransformPluginContext.transform (file:///Users/trentbrew/TURTLE/Projects/Sandbox/svelte-wc/app-builder/node_modules/.pnpm/@tailwindcss+vite@4.1.4_vite@6.3.2_jiti@2.4.2_lightningcss@1.30.1_yaml@2.8.3_/node_modules/@tailwindcss/vite/dist/index.mjs:1:1926)
    at EnvironmentPluginContainer.transform (file:///Users/trentbrew/TURTLE/Projects/Sandbox/svelte-wc/app-builder/node_modules/.pnpm/vite@6.3.2_jiti@2.4.2_lightningcss@1.30.1_yaml@2.8.3/node_modules/vite/dist/node/chunks/dep-DG3BLbPj.js:42221:19)
    at loadAndTransform (file:///Users/trentbrew/TURTLE/Projects/Sandbox/svelte-wc/app-builder/node_modules/.pnpm/vite@6.3.2_jiti@2.4.2_lightningcss@1.30.1_yaml@2.8.3/node_modules/vite/dist/node/chunks/dep-DG3BLbPj.js:35678:49) @ http://localhost:9898/@vite/client:999
[  526794ms] [ERROR] [vite] Internal Server Error
/Users/trentbrew/TURTLE/Projects/Sandbox/svelte-wc/app-builder/src/lib/components/file-tree.svelte:247:12 Unexpected end of input
https://svelte.dev/e/unexpected_eof

- Did you forget to add a lang attribute to your style tag?
- Did you forget to add a style preprocessor? See https://github.com/sveltejs/vite-plugin-svelte/blob/main/docs/preprocess.md for more information.
 @ http://localhost:9898/@vite/client:999
[  526795ms] [ERROR] Failed to load resource: the server responded with a status of 500 (Internal Server Error) @ http://localhost:9898/src/lib/components/file-tree.svelte:0
[  526838ms] [WARNING] The next HMR update will cause the page to reload @ http://localhost:9898/node_modules/.pnpm/@sveltejs+kit@2.65.1_@opentelemetry+api@1.9.1_@sveltejs+vite-plugin-svelte@5.1.1_svelte_3c8e8ea26ccb90fc2477dcb70de6ce91/node_modules/@sveltejs/kit/src/runtime/client/client.js?v=0c5e908e:3387
[  526839ms] [ERROR] TypeError: Failed to fetch dynamically imported module: http://localhost:9898/.svelte-kit/generated/client/nodes/4.js @ http://localhost:9898/@fs/Users/trentbrew/TURTLE/Projects/Sandbox/svelte-wc/app-builder/.svelte-kit/generated/client/app.js:40
[  527326ms] [ERROR] Failed to load resource: the server responded with a status of 500 (Internal Server Error) @ http://localhost:9898/src/lib/components/file-tree.svelte:0
[  527335ms] [ERROR] [vite] Internal Server Error
/Users/trentbrew/TURTLE/Projects/Sandbox/svelte-wc/app-builder/src/lib/components/file-tree.svelte:247:12 Unexpected end of input
https://svelte.dev/e/unexpected_eof

- Did you forget to add a lang attribute to your style tag?
- Did you forget to add a style preprocessor? See https://github.com/sveltejs/vite-plugin-svelte/blob/main/docs/preprocess.md for more information.
 @ http://localhost:9898/@vite/client:999
[  527360ms] [WARNING] The next HMR update will cause the page to reload @ http://localhost:9898/node_modules/.pnpm/@sveltejs+kit@2.65.1_@opentelemetry+api@1.9.1_@sveltejs+vite-plugin-svelte@5.1.1_svelte_3c8e8ea26ccb90fc2477dcb70de6ce91/node_modules/@sveltejs/kit/src/runtime/client/client.js?v=0c5e908e:3387
[  527360ms] [ERROR] TypeError: Failed to fetch dynamically imported module: http://localhost:9898/.svelte-kit/generated/client/nodes/4.js @ http://localhost:9898/@fs/Users/trentbrew/TURTLE/Projects/Sandbox/svelte-wc/app-builder/.svelte-kit/generated/client/app.js:40
[  528090ms] [ERROR] Failed to load resource: the server responded with a status of 500 (Internal Server Error) @ http://localhost:9898/src/lib/components/file-tree.svelte:0
[  528095ms] [ERROR] [vite] Internal Server Error
/Users/trentbrew/TURTLE/Projects/Sandbox/svelte-wc/app-builder/src/lib/components/file-tree.svelte:247:12 Unexpected end of input
https://svelte.dev/e/unexpected_eof

- Did you forget to add a lang attribute to your style tag?
- Did you forget to add a style preprocessor? See https://github.com/sveltejs/vite-plugin-svelte/blob/main/docs/preprocess.md for more information.
 @ http://localhost:9898/@vite/client:999
[  528302ms] [WARNING] The next HMR update will cause the page to reload @ http://localhost:9898/node_modules/.pnpm/@sveltejs+kit@2.65.1_@opentelemetry+api@1.9.1_@sveltejs+vite-plugin-svelte@5.1.1_svelte_3c8e8ea26ccb90fc2477dcb70de6ce91/node_modules/@sveltejs/kit/src/runtime/client/client.js?v=0c5e908e:3387
[  528302ms] [ERROR] TypeError: Failed to fetch dynamically imported module: http://localhost:9898/.svelte-kit/generated/client/nodes/4.js @ http://localhost:9898/@fs/Users/trentbrew/TURTLE/Projects/Sandbox/svelte-wc/app-builder/.svelte-kit/generated/client/app.js:40
[  529344ms] [ERROR] [vite] Internal Server Error
/Users/trentbrew/TURTLE/Projects/Sandbox/svelte-wc/app-builder/src/lib/components/file-tree.svelte:247:12 Unexpected end of input
https://svelte.dev/e/unexpected_eof

- Did you forget to add a lang attribute to your style tag?
- Did you forget to add a style preprocessor? See https://github.com/sveltejs/vite-plugin-svelte/blob/main/docs/preprocess.md for more information.
 @ http://localhost:9898/@vite/client:999
[  529345ms] [ERROR] Failed to load resource: the server responded with a status of 500 (Internal Server Error) @ http://localhost:9898/src/lib/components/file-tree.svelte:0
[  529390ms] [WARNING] The next HMR update will cause the page to reload @ http://localhost:9898/node_modules/.pnpm/@sveltejs+kit@2.65.1_@opentelemetry+api@1.9.1_@sveltejs+vite-plugin-svelte@5.1.1_svelte_3c8e8ea26ccb90fc2477dcb70de6ce91/node_modules/@sveltejs/kit/src/runtime/client/client.js?v=0c5e908e:3387
[  529390ms] [ERROR] TypeError: Failed to fetch dynamically imported module: http://localhost:9898/.svelte-kit/generated/client/nodes/4.js @ http://localhost:9898/@fs/Users/trentbrew/TURTLE/Projects/Sandbox/svelte-wc/app-builder/.svelte-kit/generated/client/app.js:40
[  530025ms] [ERROR] Failed to load resource: the server responded with a status of 500 (Internal Server Error) @ http://localhost:9898/src/lib/components/file-tree.svelte:0
[  530033ms] [ERROR] [vite] Internal Server Error
/Users/trentbrew/TURTLE/Projects/Sandbox/svelte-wc/app-builder/src/lib/components/file-tree.svelte:247:12 Unexpected end of input
https://svelte.dev/e/unexpected_eof

- Did you forget to add a lang attribute to your style tag?
- Did you forget to add a style preprocessor? See https://github.com/sveltejs/vite-plugin-svelte/blob/main/docs/preprocess.md for more information.
 @ http://localhost:9898/@vite/client:999
[  530083ms] [WARNING] The next HMR update will cause the page to reload @ http://localhost:9898/node_modules/.pnpm/@sveltejs+kit@2.65.1_@opentelemetry+api@1.9.1_@sveltejs+vite-plugin-svelte@5.1.1_svelte_3c8e8ea26ccb90fc2477dcb70de6ce91/node_modules/@sveltejs/kit/src/runtime/client/client.js?v=0c5e908e:3387
[  530083ms] [ERROR] TypeError: Failed to fetch dynamically imported module: http://localhost:9898/.svelte-kit/generated/client/nodes/4.js @ http://localhost:9898/@fs/Users/trentbrew/TURTLE/Projects/Sandbox/svelte-wc/app-builder/.svelte-kit/generated/client/app.js:40
[  530808ms] [ERROR] Failed to load resource: the server responded with a status of 500 (Internal Server Error) @ http://localhost:9898/src/lib/components/file-tree.svelte:0
[  530811ms] [ERROR] [vite] Internal Server Error
/Users/trentbrew/TURTLE/Projects/Sandbox/svelte-wc/app-builder/src/lib/components/file-tree.svelte:247:12 Unexpected end of input
https://svelte.dev/e/unexpected_eof

- Did you forget to add a lang attribute to your style tag?
- Did you forget to add a style preprocessor? See https://github.com/sveltejs/vite-plugin-svelte/blob/main/docs/preprocess.md for more information.
 @ http://localhost:9898/@vite/client:999
[  530861ms] [WARNING] The next HMR update will cause the page to reload @ http://localhost:9898/node_modules/.pnpm/@sveltejs+kit@2.65.1_@opentelemetry+api@1.9.1_@sveltejs+vite-plugin-svelte@5.1.1_svelte_3c8e8ea26ccb90fc2477dcb70de6ce91/node_modules/@sveltejs/kit/src/runtime/client/client.js?v=0c5e908e:3387
[  530862ms] [ERROR] TypeError: Failed to fetch dynamically imported module: http://localhost:9898/.svelte-kit/generated/client/nodes/4.js @ http://localhost:9898/@fs/Users/trentbrew/TURTLE/Projects/Sandbox/svelte-wc/app-builder/.svelte-kit/generated/client/app.js:40
[  531665ms] [ERROR] [vite] Internal Server Error
/Users/trentbrew/TURTLE/Projects/Sandbox/svelte-wc/app-builder/src/lib/components/file-tree.svelte:247:12 Unexpected end of input
https://svelte.dev/e/unexpected_eof

- Did you forget to add a lang attribute to your style tag?
- Did you forget to add a style preprocessor? See https://github.com/sveltejs/vite-plugin-svelte/blob/main/docs/preprocess.md for more information.
 @ http://localhost:9898/@vite/client:999
[  531665ms] [ERROR] Failed to load resource: the server responded with a status of 500 (Internal Server Error) @ http://localhost:9898/src/lib/components/file-tree.svelte:0
[  531688ms] [WARNING] The next HMR update will cause the page to reload @ http://localhost:9898/node_modules/.pnpm/@sveltejs+kit@2.65.1_@opentelemetry+api@1.9.1_@sveltejs+vite-plugin-svelte@5.1.1_svelte_3c8e8ea26ccb90fc2477dcb70de6ce91/node_modules/@sveltejs/kit/src/runtime/client/client.js?v=0c5e908e:3387
[  531688ms] [ERROR] TypeError: Failed to fetch dynamically imported module: http://localhost:9898/.svelte-kit/generated/client/nodes/4.js @ http://localhost:9898/@fs/Users/trentbrew/TURTLE/Projects/Sandbox/svelte-wc/app-builder/.svelte-kit/generated/client/app.js:40
[  532160ms] [ERROR] Failed to load resource: the server responded with a status of 500 (Internal Server Error) @ http://localhost:9898/src/lib/components/file-tree.svelte:0
[  532168ms] [ERROR] [vite] Internal Server Error
/Users/trentbrew/TURTLE/Projects/Sandbox/svelte-wc/app-builder/src/lib/components/file-tree.svelte:247:12 Unexpected end of input
https://svelte.dev/e/unexpected_eof

- Did you forget to add a lang attribute to your style tag?
- Did you forget to add a style preprocessor? See https://github.com/sveltejs/vite-plugin-svelte/blob/main/docs/preprocess.md for more information.
 @ http://localhost:9898/@vite/client:999
[  532217ms] [WARNING] The next HMR update will cause the page to reload @ http://localhost:9898/node_modules/.pnpm/@sveltejs+kit@2.65.1_@opentelemetry+api@1.9.1_@sveltejs+vite-plugin-svelte@5.1.1_svelte_3c8e8ea26ccb90fc2477dcb70de6ce91/node_modules/@sveltejs/kit/src/runtime/client/client.js?v=0c5e908e:3387
[  532217ms] [ERROR] TypeError: Failed to fetch dynamically imported module: http://localhost:9898/.svelte-kit/generated/client/nodes/4.js @ http://localhost:9898/@fs/Users/trentbrew/TURTLE/Projects/Sandbox/svelte-wc/app-builder/.svelte-kit/generated/client/app.js:40
[  532680ms] [ERROR] Failed to load resource: the server responded with a status of 500 (Internal Server Error) @ http://localhost:9898/src/lib/components/file-tree.svelte:0
[  532720ms] [ERROR] [vite] Internal Server Error
/Users/trentbrew/TURTLE/Projects/Sandbox/svelte-wc/app-builder/src/lib/components/file-tree.svelte:247:12 Unexpected end of input
https://svelte.dev/e/unexpected_eof

- Did you forget to add a lang attribute to your style tag?
- Did you forget to add a style preprocessor? See https://github.com/sveltejs/vite-plugin-svelte/blob/main/docs/preprocess.md for more information.
 @ http://localhost:9898/@vite/client:999
[  532732ms] [WARNING] The next HMR update will cause the page to reload @ http://localhost:9898/node_modules/.pnpm/@sveltejs+kit@2.65.1_@opentelemetry+api@1.9.1_@sveltejs+vite-plugin-svelte@5.1.1_svelte_3c8e8ea26ccb90fc2477dcb70de6ce91/node_modules/@sveltejs/kit/src/runtime/client/client.js?v=0c5e908e:3387
[  532732ms] [ERROR] TypeError: Failed to fetch dynamically imported module: http://localhost:9898/.svelte-kit/generated/client/nodes/4.js @ http://localhost:9898/@fs/Users/trentbrew/TURTLE/Projects/Sandbox/svelte-wc/app-builder/.svelte-kit/generated/client/app.js:40
[  533261ms] [ERROR] Failed to load resource: the server responded with a status of 500 (Internal Server Error) @ http://localhost:9898/src/lib/components/file-tree.svelte:0
[  533268ms] [ERROR] [vite] Internal Server Error
/Users/trentbrew/TURTLE/Projects/Sandbox/svelte-wc/app-builder/src/lib/components/file-tree.svelte:247:12 Unexpected end of input
https://svelte.dev/e/unexpected_eof

- Did you forget to add a lang attribute to your style tag?
- Did you forget to add a style preprocessor? See https://github.com/sveltejs/vite-plugin-svelte/blob/main/docs/preprocess.md for more information.
 @ http://localhost:9898/@vite/client:999
[  533324ms] [WARNING] The next HMR update will cause the page to reload @ http://localhost:9898/node_modules/.pnpm/@sveltejs+kit@2.65.1_@opentelemetry+api@1.9.1_@sveltejs+vite-plugin-svelte@5.1.1_svelte_3c8e8ea26ccb90fc2477dcb70de6ce91/node_modules/@sveltejs/kit/src/runtime/client/client.js?v=0c5e908e:3387
[  533324ms] [ERROR] TypeError: Failed to fetch dynamically imported module: http://localhost:9898/.svelte-kit/generated/client/nodes/4.js @ http://localhost:9898/@fs/Users/trentbrew/TURTLE/Projects/Sandbox/svelte-wc/app-builder/.svelte-kit/generated/client/app.js:40
[  534144ms] [ERROR] [vite] Internal Server Error
/Users/trentbrew/TURTLE/Projects/Sandbox/svelte-wc/app-builder/src/lib/components/file-tree.svelte:247:12 Unexpected end of input
https://svelte.dev/e/unexpected_eof

- Did you forget to add a lang attribute to your style tag?
- Did you forget to add a style preprocessor? See https://github.com/sveltejs/vite-plugin-svelte/blob/main/docs/preprocess.md for more information.
 @ http://localhost:9898/@vite/client:999
[  534144ms] [ERROR] Failed to load resource: the server responded with a status of 500 (Internal Server Error) @ http://localhost:9898/src/lib/components/file-tree.svelte:0
[  534229ms] [WARNING] The next HMR update will cause the page to reload @ http://localhost:9898/node_modules/.pnpm/@sveltejs+kit@2.65.1_@opentelemetry+api@1.9.1_@sveltejs+vite-plugin-svelte@5.1.1_svelte_3c8e8ea26ccb90fc2477dcb70de6ce91/node_modules/@sveltejs/kit/src/runtime/client/client.js?v=0c5e908e:3387
[  534230ms] [ERROR] TypeError: Failed to fetch dynamically imported module: http://localhost:9898/.svelte-kit/generated/client/nodes/4.js @ http://localhost:9898/@fs/Users/trentbrew/TURTLE/Projects/Sandbox/svelte-wc/app-builder/.svelte-kit/generated/client/app.js:40
[  534144ms] [ERROR] [vite] Internal Server Error
/Users/trentbrew/TURTLE/Projects/Sandbox/svelte-wc/app-builder/src/lib/components/file-tree.svelte:247:12 Unexpected end of input
https://svelte.dev/e/unexpected_eof

- Did you forget to add a lang attribute to your style tag?
- Did you forget to add a style preprocessor? See https://github.com/sveltejs/vite-plugin-svelte/blob/main/docs/preprocess.md for more information.
 @ http://localhost:9898/@vite/client:999
[  534229ms] [WARNING] The next HMR update will cause the page to reload @ http://localhost:9898/node_modules/.pnpm/@sveltejs+kit@2.65.1_@opentelemetry+api@1.9.1_@sveltejs+vite-plugin-svelte@5.1.1_svelte_3c8e8ea26ccb90fc2477dcb70de6ce91/node_modules/@sveltejs/kit/src/runtime/client/client.js?v=0c5e908e:3387
[  534230ms] [ERROR] TypeError: Failed to fetch dynamically imported module: http://localhost:9898/.svelte-kit/generated/client/nodes/4.js @ http://localhost:9898/@fs/Users/trentbrew/TURTLE/Projects/Sandbox/svelte-wc/app-builder/.svelte-kit/generated/client/app.js:40
[  534144ms] [ERROR] Failed to load resource: the server responded with a status of 500 (Internal Server Error) @ http://localhost:9898/src/lib/components/file-tree.svelte:0
[  535052ms] [ERROR] Failed to load resource: the server responded with a status of 500 (Internal Server Error) @ http://localhost:9898/src/lib/components/file-tree.svelte:0
[  535056ms] [ERROR] [vite] Internal Server Error
/Users/trentbrew/TURTLE/Projects/Sandbox/svelte-wc/app-builder/src/lib/components/file-tree.svelte:247:12 Unexpected end of input
https://svelte.dev/e/unexpected_eof

- Did you forget to add a lang attribute to your style tag?
- Did you forget to add a style preprocessor? See https://github.com/sveltejs/vite-plugin-svelte/blob/main/docs/preprocess.md for more information.
 @ http://localhost:9898/@vite/client:999
[  535120ms] [WARNING] The next HMR update will cause the page to reload @ http://localhost:9898/node_modules/.pnpm/@sveltejs+kit@2.65.1_@opentelemetry+api@1.9.1_@sveltejs+vite-plugin-svelte@5.1.1_svelte_3c8e8ea26ccb90fc2477dcb70de6ce91/node_modules/@sveltejs/kit/src/runtime/client/client.js?v=0c5e908e:3387
[  535120ms] [ERROR] TypeError: Failed to fetch dynamically imported module: http://localhost:9898/.svelte-kit/generated/client/nodes/4.js @ http://localhost:9898/@fs/Users/trentbrew/TURTLE/Projects/Sandbox/svelte-wc/app-builder/.svelte-kit/generated/client/app.js:40
[  535781ms] [ERROR] Failed to load resource: the server responded with a status of 500 (Internal Server Error) @ http://localhost:9898/src/lib/components/file-tree.svelte:0
[  535789ms] [ERROR] [vite] Internal Server Error
/Users/trentbrew/TURTLE/Projects/Sandbox/svelte-wc/app-builder/src/lib/components/file-tree.svelte:247:12 Unexpected end of input
https://svelte.dev/e/unexpected_eof

- Did you forget to add a lang attribute to your style tag?
- Did you forget to add a style preprocessor? See https://github.com/sveltejs/vite-plugin-svelte/blob/main/docs/preprocess.md for more information.
 @ http://localhost:9898/@vite/client:999
[  535821ms] [WARNING] The next HMR update will cause the page to reload @ http://localhost:9898/node_modules/.pnpm/@sveltejs+kit@2.65.1_@opentelemetry+api@1.9.1_@sveltejs+vite-plugin-svelte@5.1.1_svelte_3c8e8ea26ccb90fc2477dcb70de6ce91/node_modules/@sveltejs/kit/src/runtime/client/client.js?v=0c5e908e:3387
[  535821ms] [ERROR] TypeError: Failed to fetch dynamically imported module: http://localhost:9898/.svelte-kit/generated/client/nodes/4.js @ http://localhost:9898/@fs/Users/trentbrew/TURTLE/Projects/Sandbox/svelte-wc/app-builder/.svelte-kit/generated/client/app.js:40
[  536253ms] [ERROR] Failed to load resource: the server responded with a status of 500 (Internal Server Error) @ http://localhost:9898/src/lib/components/file-tree.svelte:0
[  536261ms] [ERROR] [vite] Internal Server Error
/Users/trentbrew/TURTLE/Projects/Sandbox/svelte-wc/app-builder/src/lib/components/file-tree.svelte:247:12 Unexpected end of input
https://svelte.dev/e/unexpected_eof

- Did you forget to add a lang attribute to your style tag?
- Did you forget to add a style preprocessor? See https://github.com/sveltejs/vite-plugin-svelte/blob/main/docs/preprocess.md for more information.
 @ http://localhost:9898/@vite/client:999
[  536309ms] [WARNING] The next HMR update will cause the page to reload @ http://localhost:9898/node_modules/.pnpm/@sveltejs+kit@2.65.1_@opentelemetry+api@1.9.1_@sveltejs+vite-plugin-svelte@5.1.1_svelte_3c8e8ea26ccb90fc2477dcb70de6ce91/node_modules/@sveltejs/kit/src/runtime/client/client.js?v=0c5e908e:3387
[  536309ms] [ERROR] TypeError: Failed to fetch dynamically imported module: http://localhost:9898/.svelte-kit/generated/client/nodes/4.js @ http://localhost:9898/@fs/Users/trentbrew/TURTLE/Projects/Sandbox/svelte-wc/app-builder/.svelte-kit/generated/client/app.js:40
[  536755ms] [ERROR] Failed to load resource: the server responded with a status of 500 (Internal Server Error) @ http://localhost:9898/src/lib/components/file-tree.svelte:0
[  536762ms] [ERROR] [vite] Internal Server Error
/Users/trentbrew/TURTLE/Projects/Sandbox/svelte-wc/app-builder/src/lib/components/file-tree.svelte:247:12 Unexpected end of input
https://svelte.dev/e/unexpected_eof

- Did you forget to add a lang attribute to your style tag?
- Did you forget to add a style preprocessor? See https://github.com/sveltejs/vite-plugin-svelte/blob/main/docs/preprocess.md for more information.
 @ http://localhost:9898/@vite/client:999
[  536812ms] [WARNING] The next HMR update will cause the page to reload @ http://localhost:9898/node_modules/.pnpm/@sveltejs+kit@2.65.1_@opentelemetry+api@1.9.1_@sveltejs+vite-plugin-svelte@5.1.1_svelte_3c8e8ea26ccb90fc2477dcb70de6ce91/node_modules/@sveltejs/kit/src/runtime/client/client.js?v=0c5e908e:3387
[  536812ms] [ERROR] TypeError: Failed to fetch dynamically imported module: http://localhost:9898/.svelte-kit/generated/client/nodes/4.js @ http://localhost:9898/@fs/Users/trentbrew/TURTLE/Projects/Sandbox/svelte-wc/app-builder/.svelte-kit/generated/client/app.js:40
[  537381ms] [ERROR] Failed to load resource: the server responded with a status of 500 (Internal Server Error) @ http://localhost:9898/src/lib/components/file-tree.svelte:0
[  537386ms] [ERROR] [vite] Internal Server Error
/Users/trentbrew/TURTLE/Projects/Sandbox/svelte-wc/app-builder/src/lib/components/file-tree.svelte:247:12 Unexpected end of input
https://svelte.dev/e/unexpected_eof

- Did you forget to add a lang attribute to your style tag?
- Did you forget to add a style preprocessor? See https://github.com/sveltejs/vite-plugin-svelte/blob/main/docs/preprocess.md for more information.
 @ http://localhost:9898/@vite/client:999
[  537436ms] [WARNING] The next HMR update will cause the page to reload @ http://localhost:9898/node_modules/.pnpm/@sveltejs+kit@2.65.1_@opentelemetry+api@1.9.1_@sveltejs+vite-plugin-svelte@5.1.1_svelte_3c8e8ea26ccb90fc2477dcb70de6ce91/node_modules/@sveltejs/kit/src/runtime/client/client.js?v=0c5e908e:3387
[  537436ms] [ERROR] TypeError: Failed to fetch dynamically imported module: http://localhost:9898/.svelte-kit/generated/client/nodes/4.js @ http://localhost:9898/@fs/Users/trentbrew/TURTLE/Projects/Sandbox/svelte-wc/app-builder/.svelte-kit/generated/client/app.js:40
[  538118ms] [ERROR] Failed to load resource: the server responded with a status of 500 (Internal Server Error) @ http://localhost:9898/src/lib/components/file-tree.svelte:0
[  538121ms] [ERROR] [vite] Internal Server Error
/Users/trentbrew/TURTLE/Projects/Sandbox/svelte-wc/app-builder/src/lib/components/file-tree.svelte:247:12 Unexpected end of input
https://svelte.dev/e/unexpected_eof

- Did you forget to add a lang attribute to your style tag?
- Did you forget to add a style preprocessor? See https://github.com/sveltejs/vite-plugin-svelte/blob/main/docs/preprocess.md for more information.
 @ http://localhost:9898/@vite/client:999
[  538178ms] [WARNING] The next HMR update will cause the page to reload @ http://localhost:9898/node_modules/.pnpm/@sveltejs+kit@2.65.1_@opentelemetry+api@1.9.1_@sveltejs+vite-plugin-svelte@5.1.1_svelte_3c8e8ea26ccb90fc2477dcb70de6ce91/node_modules/@sveltejs/kit/src/runtime/client/client.js?v=0c5e908e:3387
[  538179ms] [ERROR] TypeError: Failed to fetch dynamically imported module: http://localhost:9898/.svelte-kit/generated/client/nodes/4.js @ http://localhost:9898/@fs/Users/trentbrew/TURTLE/Projects/Sandbox/svelte-wc/app-builder/.svelte-kit/generated/client/app.js:40
[  538865ms] [ERROR] [vite] Internal Server Error
/Users/trentbrew/TURTLE/Projects/Sandbox/svelte-wc/app-builder/src/lib/components/file-tree.svelte:247:12 Unexpected end of input
https://svelte.dev/e/unexpected_eof

- Did you forget to add a lang attribute to your style tag?
- Did you forget to add a style preprocessor? See https://github.com/sveltejs/vite-plugin-svelte/blob/main/docs/preprocess.md for more information.
 @ http://localhost:9898/@vite/client:999
[  538867ms] [ERROR] Failed to load resource: the server responded with a status of 500 (Internal Server Error) @ http://localhost:9898/src/lib/components/file-tree.svelte:0
[  538936ms] [WARNING] The next HMR update will cause the page to reload @ http://localhost:9898/node_modules/.pnpm/@sveltejs+kit@2.65.1_@opentelemetry+api@1.9.1_@sveltejs+vite-plugin-svelte@5.1.1_svelte_3c8e8ea26ccb90fc2477dcb70de6ce91/node_modules/@sveltejs/kit/src/runtime/client/client.js?v=0c5e908e:3387
[  538936ms] [ERROR] TypeError: Failed to fetch dynamically imported module: http://localhost:9898/.svelte-kit/generated/client/nodes/4.js @ http://localhost:9898/@fs/Users/trentbrew/TURTLE/Projects/Sandbox/svelte-wc/app-builder/.svelte-kit/generated/client/app.js:40
[  539587ms] [ERROR] [vite] Internal Server Error
/Users/trentbrew/TURTLE/Projects/Sandbox/svelte-wc/app-builder/src/lib/components/file-tree.svelte:247:12 Unexpected end of input
https://svelte.dev/e/unexpected_eof

- Did you forget to add a lang attribute to your style tag?
- Did you forget to add a style preprocessor? See https://github.com/sveltejs/vite-plugin-svelte/blob/main/docs/preprocess.md for more information.
 @ http://localhost:9898/@vite/client:999
[  539588ms] [ERROR] Failed to load resource: the server responded with a status of 500 (Internal Server Error) @ http://localhost:9898/src/lib/components/file-tree.svelte:0
[  540172ms] [ERROR] Failed to load resource: the server responded with a status of 500 (Internal Server Error) @ http://localhost:9898/src/lib/components/file-tree.svelte:0
[  540183ms] [ERROR] [vite] Internal Server Error
/Users/trentbrew/TURTLE/Projects/Sandbox/svelte-wc/app-builder/src/lib/components/file-tree.svelte:247:12 Unexpected end of input
https://svelte.dev/e/unexpected_eof

- Did you forget to add a lang attribute to your style tag?
- Did you forget to add a style preprocessor? See https://github.com/sveltejs/vite-plugin-svelte/blob/main/docs/preprocess.md for more information.
 @ http://localhost:9898/@vite/client:999
[  540232ms] [WARNING] The next HMR update will cause the page to reload @ http://localhost:9898/node_modules/.pnpm/@sveltejs+kit@2.65.1_@opentelemetry+api@1.9.1_@sveltejs+vite-plugin-svelte@5.1.1_svelte_3c8e8ea26ccb90fc2477dcb70de6ce91/node_modules/@sveltejs/kit/src/runtime/client/client.js?v=0c5e908e:3387
[  540232ms] [ERROR] TypeError: Failed to fetch dynamically imported module: http://localhost:9898/.svelte-kit/generated/client/nodes/4.js @ http://localhost:9898/@fs/Users/trentbrew/TURTLE/Projects/Sandbox/svelte-wc/app-builder/.svelte-kit/generated/client/app.js:40
[  541208ms] [ERROR] [vite] Internal Server Error
/Users/trentbrew/TURTLE/Projects/Sandbox/svelte-wc/app-builder/src/lib/components/file-tree.svelte:247:12 Unexpected end of input
https://svelte.dev/e/unexpected_eof

- Did you forget to add a lang attribute to your style tag?
- Did you forget to add a style preprocessor? See https://github.com/sveltejs/vite-plugin-svelte/blob/main/docs/preprocess.md for more information.
 @ http://localhost:9898/@vite/client:999
[  541208ms] [ERROR] Failed to load resource: the server responded with a status of 500 (Internal Server Error) @ http://localhost:9898/src/lib/components/file-tree.svelte:0
[  541300ms] [WARNING] The next HMR update will cause the page to reload @ http://localhost:9898/node_modules/.pnpm/@sveltejs+kit@2.65.1_@opentelemetry+api@1.9.1_@sveltejs+vite-plugin-svelte@5.1.1_svelte_3c8e8ea26ccb90fc2477dcb70de6ce91/node_modules/@sveltejs/kit/src/runtime/client/client.js?v=0c5e908e:3387
[  541300ms] [ERROR] TypeError: Failed to fetch dynamically imported module: http://localhost:9898/.svelte-kit/generated/client/nodes/4.js @ http://localhost:9898/@fs/Users/trentbrew/TURTLE/Projects/Sandbox/svelte-wc/app-builder/.svelte-kit/generated/client/app.js:40
[  541882ms] [ERROR] Failed to load resource: the server responded with a status of 500 (Internal Server Error) @ http://localhost:9898/src/lib/components/file-tree.svelte:0
[  541890ms] [ERROR] [vite] Internal Server Error
/Users/trentbrew/TURTLE/Projects/Sandbox/svelte-wc/app-builder/src/lib/components/file-tree.svelte:247:12 Unexpected end of input
https://svelte.dev/e/unexpected_eof

- Did you forget to add a lang attribute to your style tag?
- Did you forget to add a style preprocessor? See https://github.com/sveltejs/vite-plugin-svelte/blob/main/docs/preprocess.md for more information.
 @ http://localhost:9898/@vite/client:999
[  541919ms] [WARNING] The next HMR update will cause the page to reload @ http://localhost:9898/node_modules/.pnpm/@sveltejs+kit@2.65.1_@opentelemetry+api@1.9.1_@sveltejs+vite-plugin-svelte@5.1.1_svelte_3c8e8ea26ccb90fc2477dcb70de6ce91/node_modules/@sveltejs/kit/src/runtime/client/client.js?v=0c5e908e:3387
[  541919ms] [ERROR] TypeError: Failed to fetch dynamically imported module: http://localhost:9898/.svelte-kit/generated/client/nodes/4.js @ http://localhost:9898/@fs/Users/trentbrew/TURTLE/Projects/Sandbox/svelte-wc/app-builder/.svelte-kit/generated/client/app.js:40
[  542577ms] [ERROR] [vite] Internal Server Error
/Users/trentbrew/TURTLE/Projects/Sandbox/svelte-wc/app-builder/src/lib/components/file-tree.svelte:247:12 Unexpected end of input
https://svelte.dev/e/unexpected_eof

- Did you forget to add a lang attribute to your style tag?
- Did you forget to add a style preprocessor? See https://github.com/sveltejs/vite-plugin-svelte/blob/main/docs/preprocess.md for more information.
 @ http://localhost:9898/@vite/client:999
[  542577ms] [ERROR] Failed to load resource: the server responded with a status of 500 (Internal Server Error) @ http://localhost:9898/src/lib/components/file-tree.svelte:0
[  542741ms] [WARNING] The next HMR update will cause the page to reload @ http://localhost:9898/node_modules/.pnpm/@sveltejs+kit@2.65.1_@opentelemetry+api@1.9.1_@sveltejs+vite-plugin-svelte@5.1.1_svelte_3c8e8ea26ccb90fc2477dcb70de6ce91/node_modules/@sveltejs/kit/src/runtime/client/client.js?v=0c5e908e:3387
[  542742ms] [ERROR] TypeError: Failed to fetch dynamically imported module: http://localhost:9898/.svelte-kit/generated/client/nodes/4.js @ http://localhost:9898/@fs/Users/trentbrew/TURTLE/Projects/Sandbox/svelte-wc/app-builder/.svelte-kit/generated/client/app.js:40
[  543499ms] [ERROR] Failed to load resource: the server responded with a status of 500 (Internal Server Error) @ http://localhost:9898/src/lib/components/file-tree.svelte:0
[  543505ms] [ERROR] [vite] Internal Server Error
/Users/trentbrew/TURTLE/Projects/Sandbox/svelte-wc/app-builder/src/lib/components/file-tree.svelte:247:12 Unexpected end of input
https://svelte.dev/e/unexpected_eof

- Did you forget to add a lang attribute to your style tag?
- Did you forget to add a style preprocessor? See https://github.com/sveltejs/vite-plugin-svelte/blob/main/docs/preprocess.md for more information.
 @ http://localhost:9898/@vite/client:999
[  543529ms] [WARNING] The next HMR update will cause the page to reload @ http://localhost:9898/node_modules/.pnpm/@sveltejs+kit@2.65.1_@opentelemetry+api@1.9.1_@sveltejs+vite-plugin-svelte@5.1.1_svelte_3c8e8ea26ccb90fc2477dcb70de6ce91/node_modules/@sveltejs/kit/src/runtime/client/client.js?v=0c5e908e:3387
[  543529ms] [ERROR] TypeError: Failed to fetch dynamically imported module: http://localhost:9898/.svelte-kit/generated/client/nodes/4.js @ http://localhost:9898/@fs/Users/trentbrew/TURTLE/Projects/Sandbox/svelte-wc/app-builder/.svelte-kit/generated/client/app.js:40
[  544388ms] [ERROR] Failed to load resource: the server responded with a status of 500 (Internal Server Error) @ http://localhost:9898/src/lib/components/file-tree.svelte:0
[  544428ms] [ERROR] [vite] Internal Server Error
/Users/trentbrew/TURTLE/Projects/Sandbox/svelte-wc/app-builder/src/lib/components/file-tree.svelte:247:12 Unexpected end of input
https://svelte.dev/e/unexpected_eof

- Did you forget to add a lang attribute to your style tag?
- Did you forget to add a style preprocessor? See https://github.com/sveltejs/vite-plugin-svelte/blob/main/docs/preprocess.md for more information.
 @ http://localhost:9898/@vite/client:999
[  544444ms] [WARNING] The next HMR update will cause the page to reload @ http://localhost:9898/node_modules/.pnpm/@sveltejs+kit@2.65.1_@opentelemetry+api@1.9.1_@sveltejs+vite-plugin-svelte@5.1.1_svelte_3c8e8ea26ccb90fc2477dcb70de6ce91/node_modules/@sveltejs/kit/src/runtime/client/client.js?v=0c5e908e:3387
[  544444ms] [ERROR] TypeError: Failed to fetch dynamically imported module: http://localhost:9898/.svelte-kit/generated/client/nodes/4.js @ http://localhost:9898/@fs/Users/trentbrew/TURTLE/Projects/Sandbox/svelte-wc/app-builder/.svelte-kit/generated/client/app.js:40
[  545077ms] [ERROR] Failed to load resource: the server responded with a status of 500 (Internal Server Error) @ http://localhost:9898/src/lib/components/file-tree.svelte:0
[  545082ms] [ERROR] [vite] Internal Server Error
/Users/trentbrew/TURTLE/Projects/Sandbox/svelte-wc/app-builder/src/lib/components/file-tree.svelte:247:12 Unexpected end of input
https://svelte.dev/e/unexpected_eof

- Did you forget to add a lang attribute to your style tag?
- Did you forget to add a style preprocessor? See https://github.com/sveltejs/vite-plugin-svelte/blob/main/docs/preprocess.md for more information.
 @ http://localhost:9898/@vite/client:999
[  545097ms] [WARNING] The next HMR update will cause the page to reload @ http://localhost:9898/node_modules/.pnpm/@sveltejs+kit@2.65.1_@opentelemetry+api@1.9.1_@sveltejs+vite-plugin-svelte@5.1.1_svelte_3c8e8ea26ccb90fc2477dcb70de6ce91/node_modules/@sveltejs/kit/src/runtime/client/client.js?v=0c5e908e:3387
[  545098ms] [ERROR] TypeError: Failed to fetch dynamically imported module: http://localhost:9898/.svelte-kit/generated/client/nodes/4.js @ http://localhost:9898/@fs/Users/trentbrew/TURTLE/Projects/Sandbox/svelte-wc/app-builder/.svelte-kit/generated/client/app.js:40
[  545672ms] [ERROR] Failed to load resource: the server responded with a status of 500 (Internal Server Error) @ http://localhost:9898/src/lib/components/file-tree.svelte:0
[  545676ms] [ERROR] [vite] Internal Server Error
/Users/trentbrew/TURTLE/Projects/Sandbox/svelte-wc/app-builder/src/lib/components/file-tree.svelte:247:12 Unexpected end of input
https://svelte.dev/e/unexpected_eof

- Did you forget to add a lang attribute to your style tag?
- Did you forget to add a style preprocessor? See https://github.com/sveltejs/vite-plugin-svelte/blob/main/docs/preprocess.md for more information.
 @ http://localhost:9898/@vite/client:999
[  545726ms] [WARNING] The next HMR update will cause the page to reload @ http://localhost:9898/node_modules/.pnpm/@sveltejs+kit@2.65.1_@opentelemetry+api@1.9.1_@sveltejs+vite-plugin-svelte@5.1.1_svelte_3c8e8ea26ccb90fc2477dcb70de6ce91/node_modules/@sveltejs/kit/src/runtime/client/client.js?v=0c5e908e:3387
[  545726ms] [ERROR] TypeError: Failed to fetch dynamically imported module: http://localhost:9898/.svelte-kit/generated/client/nodes/4.js @ http://localhost:9898/@fs/Users/trentbrew/TURTLE/Projects/Sandbox/svelte-wc/app-builder/.svelte-kit/generated/client/app.js:40
[  546560ms] [ERROR] Failed to load resource: the server responded with a status of 500 (Internal Server Error) @ http://localhost:9898/src/lib/components/file-tree.svelte:0
[  546566ms] [ERROR] [vite] Internal Server Error
/Users/trentbrew/TURTLE/Projects/Sandbox/svelte-wc/app-builder/src/lib/components/file-tree.svelte:247:12 Unexpected end of input
https://svelte.dev/e/unexpected_eof

- Did you forget to add a lang attribute to your style tag?
- Did you forget to add a style preprocessor? See https://github.com/sveltejs/vite-plugin-svelte/blob/main/docs/preprocess.md for more information.
 @ http://localhost:9898/@vite/client:999
[  546587ms] [WARNING] The next HMR update will cause the page to reload @ http://localhost:9898/node_modules/.pnpm/@sveltejs+kit@2.65.1_@opentelemetry+api@1.9.1_@sveltejs+vite-plugin-svelte@5.1.1_svelte_3c8e8ea26ccb90fc2477dcb70de6ce91/node_modules/@sveltejs/kit/src/runtime/client/client.js?v=0c5e908e:3387
[  546587ms] [ERROR] TypeError: Failed to fetch dynamically imported module: http://localhost:9898/.svelte-kit/generated/client/nodes/4.js @ http://localhost:9898/@fs/Users/trentbrew/TURTLE/Projects/Sandbox/svelte-wc/app-builder/.svelte-kit/generated/client/app.js:40
[  552260ms] [ERROR] Failed to load resource: the server responded with a status of 500 (Internal Server Error) @ http://localhost:9898/src/lib/components/file-tree.svelte:0
[  552268ms] [ERROR] [vite] Internal Server Error
/Users/trentbrew/TURTLE/Projects/Sandbox/svelte-wc/app-builder/src/lib/components/file-tree.svelte:247:12 Unexpected end of input
https://svelte.dev/e/unexpected_eof

- Did you forget to add a lang attribute to your style tag?
- Did you forget to add a style preprocessor? See https://github.com/sveltejs/vite-plugin-svelte/blob/main/docs/preprocess.md for more information.
 @ http://localhost:9898/@vite/client:999
[  552293ms] [WARNING] The next HMR update will cause the page to reload @ http://localhost:9898/node_modules/.pnpm/@sveltejs+kit@2.65.1_@opentelemetry+api@1.9.1_@sveltejs+vite-plugin-svelte@5.1.1_svelte_3c8e8ea26ccb90fc2477dcb70de6ce91/node_modules/@sveltejs/kit/src/runtime/client/client.js?v=0c5e908e:3387
[  552293ms] [ERROR] TypeError: Failed to fetch dynamically imported module: http://localhost:9898/.svelte-kit/generated/client/nodes/4.js @ http://localhost:9898/@fs/Users/trentbrew/TURTLE/Projects/Sandbox/svelte-wc/app-builder/.svelte-kit/generated/client/app.js:40
[  552268ms] [ERROR] [vite] Internal Server Error
/Users/trentbrew/TURTLE/Projects/Sandbox/svelte-wc/app-builder/src/lib/components/file-tree.svelte:247:12 Unexpected end of input
https://svelte.dev/e/unexpected_eof

- Did you forget to add a lang attribute to your style tag?
- Did you forget to add a style preprocessor? See https://github.com/sveltejs/vite-plugin-svelte/blob/main/docs/preprocess.md for more information.
 @ http://localhost:9898/@vite/client:999
[  552293ms] [WARNING] The next HMR update will cause the page to reload @ http://localhost:9898/node_modules/.pnpm/@sveltejs+kit@2.65.1_@opentelemetry+api@1.9.1_@sveltejs+vite-plugin-svelte@5.1.1_svelte_3c8e8ea26ccb90fc2477dcb70de6ce91/node_modules/@sveltejs/kit/src/runtime/client/client.js?v=0c5e908e:3387
[  552293ms] [ERROR] TypeError: Failed to fetch dynamically imported module: http://localhost:9898/.svelte-kit/generated/client/nodes/4.js @ http://localhost:9898/@fs/Users/trentbrew/TURTLE/Projects/Sandbox/svelte-wc/app-builder/.svelte-kit/generated/client/app.js:40
[  552260ms] [ERROR] Failed to load resource: the server responded with a status of 500 (Internal Server Error) @ http://localhost:9898/src/lib/components/file-tree.svelte:0
[  553016ms] [ERROR] [vite] Internal Server Error
/Users/trentbrew/TURTLE/Projects/Sandbox/svelte-wc/app-builder/src/lib/components/file-tree.svelte:247:12 Unexpected end of input
https://svelte.dev/e/unexpected_eof

- Did you forget to add a lang attribute to your style tag?
- Did you forget to add a style preprocessor? See https://github.com/sveltejs/vite-plugin-svelte/blob/main/docs/preprocess.md for more information.
 @ http://localhost:9898/@vite/client:999
[  553017ms] [ERROR] Failed to load resource: the server responded with a status of 500 (Internal Server Error) @ http://localhost:9898/src/lib/components/file-tree.svelte:0
[  553083ms] [WARNING] The next HMR update will cause the page to reload @ http://localhost:9898/node_modules/.pnpm/@sveltejs+kit@2.65.1_@opentelemetry+api@1.9.1_@sveltejs+vite-plugin-svelte@5.1.1_svelte_3c8e8ea26ccb90fc2477dcb70de6ce91/node_modules/@sveltejs/kit/src/runtime/client/client.js?v=0c5e908e:3387
[  553083ms] [ERROR] TypeError: Failed to fetch dynamically imported module: http://localhost:9898/.svelte-kit/generated/client/nodes/4.js @ http://localhost:9898/@fs/Users/trentbrew/TURTLE/Projects/Sandbox/svelte-wc/app-builder/.svelte-kit/generated/client/app.js:40
[  553827ms] [ERROR] Failed to load resource: the server responded with a status of 500 (Internal Server Error) @ http://localhost:9898/src/lib/components/file-tree.svelte:0
[  553834ms] [ERROR] [vite] Internal Server Error
/Users/trentbrew/TURTLE/Projects/Sandbox/svelte-wc/app-builder/src/lib/components/file-tree.svelte:247:12 Unexpected end of input
https://svelte.dev/e/unexpected_eof

- Did you forget to add a lang attribute to your style tag?
- Did you forget to add a style preprocessor? See https://github.com/sveltejs/vite-plugin-svelte/blob/main/docs/preprocess.md for more information.
 @ http://localhost:9898/@vite/client:999
[  553881ms] [WARNING] The next HMR update will cause the page to reload @ http://localhost:9898/node_modules/.pnpm/@sveltejs+kit@2.65.1_@opentelemetry+api@1.9.1_@sveltejs+vite-plugin-svelte@5.1.1_svelte_3c8e8ea26ccb90fc2477dcb70de6ce91/node_modules/@sveltejs/kit/src/runtime/client/client.js?v=0c5e908e:3387
[  553881ms] [ERROR] TypeError: Failed to fetch dynamically imported module: http://localhost:9898/.svelte-kit/generated/client/nodes/4.js @ http://localhost:9898/@fs/Users/trentbrew/TURTLE/Projects/Sandbox/svelte-wc/app-builder/.svelte-kit/generated/client/app.js:40
[  554411ms] [ERROR] [vite] Internal Server Error
/Users/trentbrew/TURTLE/Projects/Sandbox/svelte-wc/app-builder/src/lib/components/file-tree.svelte:247:12 Unexpected end of input
https://svelte.dev/e/unexpected_eof

- Did you forget to add a lang attribute to your style tag?
- Did you forget to add a style preprocessor? See https://github.com/sveltejs/vite-plugin-svelte/blob/main/docs/preprocess.md for more information.
 @ http://localhost:9898/@vite/client:999
[  554411ms] [ERROR] Failed to load resource: the server responded with a status of 500 (Internal Server Error) @ http://localhost:9898/src/lib/components/file-tree.svelte:0
[  554456ms] [WARNING] The next HMR update will cause the page to reload @ http://localhost:9898/node_modules/.pnpm/@sveltejs+kit@2.65.1_@opentelemetry+api@1.9.1_@sveltejs+vite-plugin-svelte@5.1.1_svelte_3c8e8ea26ccb90fc2477dcb70de6ce91/node_modules/@sveltejs/kit/src/runtime/client/client.js?v=0c5e908e:3387
[  554456ms] [ERROR] TypeError: Failed to fetch dynamically imported module: http://localhost:9898/.svelte-kit/generated/client/nodes/4.js @ http://localhost:9898/@fs/Users/trentbrew/TURTLE/Projects/Sandbox/svelte-wc/app-builder/.svelte-kit/generated/client/app.js:40
[  555147ms] [ERROR] Failed to load resource: the server responded with a status of 500 (Internal Server Error) @ http://localhost:9898/src/lib/components/file-tree.svelte:0
[  555165ms] [ERROR] [vite] Internal Server Error
/Users/trentbrew/TURTLE/Projects/Sandbox/svelte-wc/app-builder/src/lib/components/file-tree.svelte:247:12 Unexpected end of input
https://svelte.dev/e/unexpected_eof

- Did you forget to add a lang attribute to your style tag?
- Did you forget to add a style preprocessor? See https://github.com/sveltejs/vite-plugin-svelte/blob/main/docs/preprocess.md for more information.
 @ http://localhost:9898/@vite/client:999
[  555214ms] [WARNING] The next HMR update will cause the page to reload @ http://localhost:9898/node_modules/.pnpm/@sveltejs+kit@2.65.1_@opentelemetry+api@1.9.1_@sveltejs+vite-plugin-svelte@5.1.1_svelte_3c8e8ea26ccb90fc2477dcb70de6ce91/node_modules/@sveltejs/kit/src/runtime/client/client.js?v=0c5e908e:3387
[  555214ms] [ERROR] TypeError: Failed to fetch dynamically imported module: http://localhost:9898/.svelte-kit/generated/client/nodes/4.js @ http://localhost:9898/@fs/Users/trentbrew/TURTLE/Projects/Sandbox/svelte-wc/app-builder/.svelte-kit/generated/client/app.js:40
[  555653ms] [ERROR] Failed to load resource: the server responded with a status of 500 (Internal Server Error) @ http://localhost:9898/src/lib/components/file-tree.svelte:0
[  555663ms] [ERROR] [vite] Internal Server Error
/Users/trentbrew/TURTLE/Projects/Sandbox/svelte-wc/app-builder/src/lib/components/file-tree.svelte:247:12 Unexpected end of input
https://svelte.dev/e/unexpected_eof

- Did you forget to add a lang attribute to your style tag?
- Did you forget to add a style preprocessor? See https://github.com/sveltejs/vite-plugin-svelte/blob/main/docs/preprocess.md for more information.
 @ http://localhost:9898/@vite/client:999
[  555711ms] [WARNING] The next HMR update will cause the page to reload @ http://localhost:9898/node_modules/.pnpm/@sveltejs+kit@2.65.1_@opentelemetry+api@1.9.1_@sveltejs+vite-plugin-svelte@5.1.1_svelte_3c8e8ea26ccb90fc2477dcb70de6ce91/node_modules/@sveltejs/kit/src/runtime/client/client.js?v=0c5e908e:3387
[  555711ms] [ERROR] TypeError: Failed to fetch dynamically imported module: http://localhost:9898/.svelte-kit/generated/client/nodes/4.js @ http://localhost:9898/@fs/Users/trentbrew/TURTLE/Projects/Sandbox/svelte-wc/app-builder/.svelte-kit/generated/client/app.js:40
[  556223ms] [ERROR] [vite] Internal Server Error
/Users/trentbrew/TURTLE/Projects/Sandbox/svelte-wc/app-builder/src/lib/components/file-tree.svelte:247:12 Unexpected end of input
https://svelte.dev/e/unexpected_eof

- Did you forget to add a lang attribute to your style tag?
- Did you forget to add a style preprocessor? See https://github.com/sveltejs/vite-plugin-svelte/blob/main/docs/preprocess.md for more information.
 @ http://localhost:9898/@vite/client:999
[  556223ms] [ERROR] Failed to load resource: the server responded with a status of 500 (Internal Server Error) @ http://localhost:9898/src/lib/components/file-tree.svelte:0
[  556325ms] [WARNING] The next HMR update will cause the page to reload @ http://localhost:9898/node_modules/.pnpm/@sveltejs+kit@2.65.1_@opentelemetry+api@1.9.1_@sveltejs+vite-plugin-svelte@5.1.1_svelte_3c8e8ea26ccb90fc2477dcb70de6ce91/node_modules/@sveltejs/kit/src/runtime/client/client.js?v=0c5e908e:3387
[  556325ms] [ERROR] TypeError: Failed to fetch dynamically imported module: http://localhost:9898/.svelte-kit/generated/client/nodes/4.js @ http://localhost:9898/@fs/Users/trentbrew/TURTLE/Projects/Sandbox/svelte-wc/app-builder/.svelte-kit/generated/client/app.js:40
[  556804ms] [ERROR] Failed to load resource: the server responded with a status of 500 (Internal Server Error) @ http://localhost:9898/src/lib/components/file-tree.svelte:0
[  556816ms] [ERROR] [vite] Internal Server Error
/Users/trentbrew/TURTLE/Projects/Sandbox/svelte-wc/app-builder/src/lib/components/file-tree.svelte:247:12 Unexpected end of input
https://svelte.dev/e/unexpected_eof

- Did you forget to add a lang attribute to your style tag?
- Did you forget to add a style preprocessor? See https://github.com/sveltejs/vite-plugin-svelte/blob/main/docs/preprocess.md for more information.
 @ http://localhost:9898/@vite/client:999
[  556864ms] [WARNING] The next HMR update will cause the page to reload @ http://localhost:9898/node_modules/.pnpm/@sveltejs+kit@2.65.1_@opentelemetry+api@1.9.1_@sveltejs+vite-plugin-svelte@5.1.1_svelte_3c8e8ea26ccb90fc2477dcb70de6ce91/node_modules/@sveltejs/kit/src/runtime/client/client.js?v=0c5e908e:3387
[  556865ms] [ERROR] TypeError: Failed to fetch dynamically imported module: http://localhost:9898/.svelte-kit/generated/client/nodes/4.js @ http://localhost:9898/@fs/Users/trentbrew/TURTLE/Projects/Sandbox/svelte-wc/app-builder/.svelte-kit/generated/client/app.js:40
[  557306ms] [ERROR] Failed to load resource: the server responded with a status of 500 (Internal Server Error) @ http://localhost:9898/src/lib/components/file-tree.svelte:0
[  557342ms] [ERROR] [vite] Internal Server Error
/Users/trentbrew/TURTLE/Projects/Sandbox/svelte-wc/app-builder/src/lib/components/file-tree.svelte:247:12 Unexpected end of input
https://svelte.dev/e/unexpected_eof

- Did you forget to add a lang attribute to your style tag?
- Did you forget to add a style preprocessor? See https://github.com/sveltejs/vite-plugin-svelte/blob/main/docs/preprocess.md for more information.
 @ http://localhost:9898/@vite/client:999
[  557356ms] [WARNING] The next HMR update will cause the page to reload @ http://localhost:9898/node_modules/.pnpm/@sveltejs+kit@2.65.1_@opentelemetry+api@1.9.1_@sveltejs+vite-plugin-svelte@5.1.1_svelte_3c8e8ea26ccb90fc2477dcb70de6ce91/node_modules/@sveltejs/kit/src/runtime/client/client.js?v=0c5e908e:3387
[  557356ms] [ERROR] TypeError: Failed to fetch dynamically imported module: http://localhost:9898/.svelte-kit/generated/client/nodes/4.js @ http://localhost:9898/@fs/Users/trentbrew/TURTLE/Projects/Sandbox/svelte-wc/app-builder/.svelte-kit/generated/client/app.js:40
[  557846ms] [ERROR] Failed to load resource: the server responded with a status of 500 (Internal Server Error) @ http://localhost:9898/src/lib/components/file-tree.svelte:0
[  557870ms] [ERROR] [vite] Internal Server Error
/Users/trentbrew/TURTLE/Projects/Sandbox/svelte-wc/app-builder/src/lib/components/file-tree.svelte:247:12 Unexpected end of input
https://svelte.dev/e/unexpected_eof

- Did you forget to add a lang attribute to your style tag?
- Did you forget to add a style preprocessor? See https://github.com/sveltejs/vite-plugin-svelte/blob/main/docs/preprocess.md for more information.
 @ http://localhost:9898/@vite/client:999
[  557894ms] [WARNING] The next HMR update will cause the page to reload @ http://localhost:9898/node_modules/.pnpm/@sveltejs+kit@2.65.1_@opentelemetry+api@1.9.1_@sveltejs+vite-plugin-svelte@5.1.1_svelte_3c8e8ea26ccb90fc2477dcb70de6ce91/node_modules/@sveltejs/kit/src/runtime/client/client.js?v=0c5e908e:3387
[  557894ms] [ERROR] TypeError: Failed to fetch dynamically imported module: http://localhost:9898/.svelte-kit/generated/client/nodes/4.js @ http://localhost:9898/@fs/Users/trentbrew/TURTLE/Projects/Sandbox/svelte-wc/app-builder/.svelte-kit/generated/client/app.js:40
[  558346ms] [ERROR] Failed to load resource: the server responded with a status of 500 (Internal Server Error) @ http://localhost:9898/src/lib/components/file-tree.svelte:0
[  558351ms] [ERROR] [vite] Internal Server Error
/Users/trentbrew/TURTLE/Projects/Sandbox/svelte-wc/app-builder/src/lib/components/file-tree.svelte:247:12 Unexpected end of input
https://svelte.dev/e/unexpected_eof

- Did you forget to add a lang attribute to your style tag?
- Did you forget to add a style preprocessor? See https://github.com/sveltejs/vite-plugin-svelte/blob/main/docs/preprocess.md for more information.
 @ http://localhost:9898/@vite/client:999
[  558401ms] [WARNING] The next HMR update will cause the page to reload @ http://localhost:9898/node_modules/.pnpm/@sveltejs+kit@2.65.1_@opentelemetry+api@1.9.1_@sveltejs+vite-plugin-svelte@5.1.1_svelte_3c8e8ea26ccb90fc2477dcb70de6ce91/node_modules/@sveltejs/kit/src/runtime/client/client.js?v=0c5e908e:3387
[  558401ms] [ERROR] TypeError: Failed to fetch dynamically imported module: http://localhost:9898/.svelte-kit/generated/client/nodes/4.js @ http://localhost:9898/@fs/Users/trentbrew/TURTLE/Projects/Sandbox/svelte-wc/app-builder/.svelte-kit/generated/client/app.js:40
[  558826ms] [ERROR] Failed to load resource: the server responded with a status of 500 (Internal Server Error) @ http://localhost:9898/src/lib/components/file-tree.svelte:0
[  558833ms] [ERROR] [vite] Internal Server Error
/Users/trentbrew/TURTLE/Projects/Sandbox/svelte-wc/app-builder/src/lib/components/file-tree.svelte:247:12 Unexpected end of input
https://svelte.dev/e/unexpected_eof

- Did you forget to add a lang attribute to your style tag?
- Did you forget to add a style preprocessor? See https://github.com/sveltejs/vite-plugin-svelte/blob/main/docs/preprocess.md for more information.
 @ http://localhost:9898/@vite/client:999
[  558880ms] [WARNING] The next HMR update will cause the page to reload @ http://localhost:9898/node_modules/.pnpm/@sveltejs+kit@2.65.1_@opentelemetry+api@1.9.1_@sveltejs+vite-plugin-svelte@5.1.1_svelte_3c8e8ea26ccb90fc2477dcb70de6ce91/node_modules/@sveltejs/kit/src/runtime/client/client.js?v=0c5e908e:3387
[  558880ms] [ERROR] TypeError: Failed to fetch dynamically imported module: http://localhost:9898/.svelte-kit/generated/client/nodes/4.js @ http://localhost:9898/@fs/Users/trentbrew/TURTLE/Projects/Sandbox/svelte-wc/app-builder/.svelte-kit/generated/client/app.js:40
[  559365ms] [ERROR] Failed to load resource: the server responded with a status of 500 (Internal Server Error) @ http://localhost:9898/src/lib/components/file-tree.svelte:0
[  559374ms] [ERROR] [vite] Internal Server Error
/Users/trentbrew/TURTLE/Projects/Sandbox/svelte-wc/app-builder/src/lib/components/file-tree.svelte:247:12 Unexpected end of input
https://svelte.dev/e/unexpected_eof

- Did you forget to add a lang attribute to your style tag?
- Did you forget to add a style preprocessor? See https://github.com/sveltejs/vite-plugin-svelte/blob/main/docs/preprocess.md for more information.
 @ http://localhost:9898/@vite/client:999
[  559397ms] [WARNING] The next HMR update will cause the page to reload @ http://localhost:9898/node_modules/.pnpm/@sveltejs+kit@2.65.1_@opentelemetry+api@1.9.1_@sveltejs+vite-plugin-svelte@5.1.1_svelte_3c8e8ea26ccb90fc2477dcb70de6ce91/node_modules/@sveltejs/kit/src/runtime/client/client.js?v=0c5e908e:3387
[  559398ms] [ERROR] TypeError: Failed to fetch dynamically imported module: http://localhost:9898/.svelte-kit/generated/client/nodes/4.js @ http://localhost:9898/@fs/Users/trentbrew/TURTLE/Projects/Sandbox/svelte-wc/app-builder/.svelte-kit/generated/client/app.js:40
[  559833ms] [ERROR] Failed to load resource: the server responded with a status of 500 (Internal Server Error) @ http://localhost:9898/src/lib/components/file-tree.svelte:0
[  559875ms] [ERROR] [vite] Internal Server Error
/Users/trentbrew/TURTLE/Projects/Sandbox/svelte-wc/app-builder/src/lib/components/file-tree.svelte:247:12 Unexpected end of input
https://svelte.dev/e/unexpected_eof

- Did you forget to add a lang attribute to your style tag?
- Did you forget to add a style preprocessor? See https://github.com/sveltejs/vite-plugin-svelte/blob/main/docs/preprocess.md for more information.
 @ http://localhost:9898/@vite/client:999
[  559890ms] [WARNING] The next HMR update will cause the page to reload @ http://localhost:9898/node_modules/.pnpm/@sveltejs+kit@2.65.1_@opentelemetry+api@1.9.1_@sveltejs+vite-plugin-svelte@5.1.1_svelte_3c8e8ea26ccb90fc2477dcb70de6ce91/node_modules/@sveltejs/kit/src/runtime/client/client.js?v=0c5e908e:3387
[  559890ms] [ERROR] TypeError: Failed to fetch dynamically imported module: http://localhost:9898/.svelte-kit/generated/client/nodes/4.js @ http://localhost:9898/@fs/Users/trentbrew/TURTLE/Projects/Sandbox/svelte-wc/app-builder/.svelte-kit/generated/client/app.js:40
[  560378ms] [ERROR] Failed to load resource: the server responded with a status of 500 (Internal Server Error) @ http://localhost:9898/src/lib/components/file-tree.svelte:0
[  560384ms] [ERROR] [vite] Internal Server Error
/Users/trentbrew/TURTLE/Projects/Sandbox/svelte-wc/app-builder/src/lib/components/file-tree.svelte:247:12 Unexpected end of input
https://svelte.dev/e/unexpected_eof

- Did you forget to add a lang attribute to your style tag?
- Did you forget to add a style preprocessor? See https://github.com/sveltejs/vite-plugin-svelte/blob/main/docs/preprocess.md for more information.
 @ http://localhost:9898/@vite/client:999
[  560429ms] [WARNING] The next HMR update will cause the page to reload @ http://localhost:9898/node_modules/.pnpm/@sveltejs+kit@2.65.1_@opentelemetry+api@1.9.1_@sveltejs+vite-plugin-svelte@5.1.1_svelte_3c8e8ea26ccb90fc2477dcb70de6ce91/node_modules/@sveltejs/kit/src/runtime/client/client.js?v=0c5e908e:3387
[  560429ms] [ERROR] TypeError: Failed to fetch dynamically imported module: http://localhost:9898/.svelte-kit/generated/client/nodes/4.js @ http://localhost:9898/@fs/Users/trentbrew/TURTLE/Projects/Sandbox/svelte-wc/app-builder/.svelte-kit/generated/client/app.js:40
[  560862ms] [ERROR] Failed to load resource: the server responded with a status of 500 (Internal Server Error) @ http://localhost:9898/src/lib/components/file-tree.svelte:0
[  560869ms] [ERROR] [vite] Internal Server Error
/Users/trentbrew/TURTLE/Projects/Sandbox/svelte-wc/app-builder/src/lib/components/file-tree.svelte:247:12 Unexpected end of input
https://svelte.dev/e/unexpected_eof

- Did you forget to add a lang attribute to your style tag?
- Did you forget to add a style preprocessor? See https://github.com/sveltejs/vite-plugin-svelte/blob/main/docs/preprocess.md for more information.
 @ http://localhost:9898/@vite/client:999
[  560915ms] [WARNING] The next HMR update will cause the page to reload @ http://localhost:9898/node_modules/.pnpm/@sveltejs+kit@2.65.1_@opentelemetry+api@1.9.1_@sveltejs+vite-plugin-svelte@5.1.1_svelte_3c8e8ea26ccb90fc2477dcb70de6ce91/node_modules/@sveltejs/kit/src/runtime/client/client.js?v=0c5e908e:3387
[  560916ms] [ERROR] TypeError: Failed to fetch dynamically imported module: http://localhost:9898/.svelte-kit/generated/client/nodes/4.js @ http://localhost:9898/@fs/Users/trentbrew/TURTLE/Projects/Sandbox/svelte-wc/app-builder/.svelte-kit/generated/client/app.js:40
[  561376ms] [ERROR] Failed to load resource: the server responded with a status of 500 (Internal Server Error) @ http://localhost:9898/src/lib/components/file-tree.svelte:0
[  561416ms] [ERROR] [vite] Internal Server Error
/Users/trentbrew/TURTLE/Projects/Sandbox/svelte-wc/app-builder/src/lib/components/file-tree.svelte:247:12 Unexpected end of input
https://svelte.dev/e/unexpected_eof

- Did you forget to add a lang attribute to your style tag?
- Did you forget to add a style preprocessor? See https://github.com/sveltejs/vite-plugin-svelte/blob/main/docs/preprocess.md for more information.
 @ http://localhost:9898/@vite/client:999
[  561429ms] [WARNING] The next HMR update will cause the page to reload @ http://localhost:9898/node_modules/.pnpm/@sveltejs+kit@2.65.1_@opentelemetry+api@1.9.1_@sveltejs+vite-plugin-svelte@5.1.1_svelte_3c8e8ea26ccb90fc2477dcb70de6ce91/node_modules/@sveltejs/kit/src/runtime/client/client.js?v=0c5e908e:3387
[  561430ms] [ERROR] TypeError: Failed to fetch dynamically imported module: http://localhost:9898/.svelte-kit/generated/client/nodes/4.js @ http://localhost:9898/@fs/Users/trentbrew/TURTLE/Projects/Sandbox/svelte-wc/app-builder/.svelte-kit/generated/client/app.js:40
[  561898ms] [ERROR] Failed to load resource: the server responded with a status of 500 (Internal Server Error) @ http://localhost:9898/src/lib/components/file-tree.svelte:0
[  561938ms] [ERROR] [vite] Internal Server Error
/Users/trentbrew/TURTLE/Projects/Sandbox/svelte-wc/app-builder/src/lib/components/file-tree.svelte:247:12 Unexpected end of input
https://svelte.dev/e/unexpected_eof

- Did you forget to add a lang attribute to your style tag?
- Did you forget to add a style preprocessor? See https://github.com/sveltejs/vite-plugin-svelte/blob/main/docs/preprocess.md for more information.
 @ http://localhost:9898/@vite/client:999
[  561953ms] [WARNING] The next HMR update will cause the page to reload @ http://localhost:9898/node_modules/.pnpm/@sveltejs+kit@2.65.1_@opentelemetry+api@1.9.1_@sveltejs+vite-plugin-svelte@5.1.1_svelte_3c8e8ea26ccb90fc2477dcb70de6ce91/node_modules/@sveltejs/kit/src/runtime/client/client.js?v=0c5e908e:3387
[  561954ms] [ERROR] TypeError: Failed to fetch dynamically imported module: http://localhost:9898/.svelte-kit/generated/client/nodes/4.js @ http://localhost:9898/@fs/Users/trentbrew/TURTLE/Projects/Sandbox/svelte-wc/app-builder/.svelte-kit/generated/client/app.js:40
[  562421ms] [ERROR] Failed to load resource: the server responded with a status of 500 (Internal Server Error) @ http://localhost:9898/src/lib/components/file-tree.svelte:0
[  562428ms] [ERROR] [vite] Internal Server Error
/Users/trentbrew/TURTLE/Projects/Sandbox/svelte-wc/app-builder/src/lib/components/file-tree.svelte:247:12 Unexpected end of input
https://svelte.dev/e/unexpected_eof

- Did you forget to add a lang attribute to your style tag?
- Did you forget to add a style preprocessor? See https://github.com/sveltejs/vite-plugin-svelte/blob/main/docs/preprocess.md for more information.
 @ http://localhost:9898/@vite/client:999
[  562472ms] [WARNING] The next HMR update will cause the page to reload @ http://localhost:9898/node_modules/.pnpm/@sveltejs+kit@2.65.1_@opentelemetry+api@1.9.1_@sveltejs+vite-plugin-svelte@5.1.1_svelte_3c8e8ea26ccb90fc2477dcb70de6ce91/node_modules/@sveltejs/kit/src/runtime/client/client.js?v=0c5e908e:3387
[  562473ms] [ERROR] TypeError: Failed to fetch dynamically imported module: http://localhost:9898/.svelte-kit/generated/client/nodes/4.js @ http://localhost:9898/@fs/Users/trentbrew/TURTLE/Projects/Sandbox/svelte-wc/app-builder/.svelte-kit/generated/client/app.js:40
[  562994ms] [ERROR] Failed to load resource: the server responded with a status of 500 (Internal Server Error) @ http://localhost:9898/src/lib/components/file-tree.svelte:0
[  562999ms] [ERROR] [vite] Internal Server Error
/Users/trentbrew/TURTLE/Projects/Sandbox/svelte-wc/app-builder/src/lib/components/file-tree.svelte:247:12 Unexpected end of input
https://svelte.dev/e/unexpected_eof

- Did you forget to add a lang attribute to your style tag?
- Did you forget to add a style preprocessor? See https://github.com/sveltejs/vite-plugin-svelte/blob/main/docs/preprocess.md for more information.
 @ http://localhost:9898/@vite/client:999
[  563045ms] [WARNING] The next HMR update will cause the page to reload @ http://localhost:9898/node_modules/.pnpm/@sveltejs+kit@2.65.1_@opentelemetry+api@1.9.1_@sveltejs+vite-plugin-svelte@5.1.1_svelte_3c8e8ea26ccb90fc2477dcb70de6ce91/node_modules/@sveltejs/kit/src/runtime/client/client.js?v=0c5e908e:3387
[  563045ms] [ERROR] TypeError: Failed to fetch dynamically imported module: http://localhost:9898/.svelte-kit/generated/client/nodes/4.js @ http://localhost:9898/@fs/Users/trentbrew/TURTLE/Projects/Sandbox/svelte-wc/app-builder/.svelte-kit/generated/client/app.js:40
[  563519ms] [ERROR] Failed to load resource: the server responded with a status of 500 (Internal Server Error) @ http://localhost:9898/src/lib/components/file-tree.svelte:0
[  563560ms] [ERROR] [vite] Internal Server Error
/Users/trentbrew/TURTLE/Projects/Sandbox/svelte-wc/app-builder/src/lib/components/file-tree.svelte:247:12 Unexpected end of input
https://svelte.dev/e/unexpected_eof

- Did you forget to add a lang attribute to your style tag?
- Did you forget to add a style preprocessor? See https://github.com/sveltejs/vite-plugin-svelte/blob/main/docs/preprocess.md for more information.
 @ http://localhost:9898/@vite/client:999
[  563593ms] [WARNING] The next HMR update will cause the page to reload @ http://localhost:9898/node_modules/.pnpm/@sveltejs+kit@2.65.1_@opentelemetry+api@1.9.1_@sveltejs+vite-plugin-svelte@5.1.1_svelte_3c8e8ea26ccb90fc2477dcb70de6ce91/node_modules/@sveltejs/kit/src/runtime/client/client.js?v=0c5e908e:3387
[  563594ms] [ERROR] TypeError: Failed to fetch dynamically imported module: http://localhost:9898/.svelte-kit/generated/client/nodes/4.js @ http://localhost:9898/@fs/Users/trentbrew/TURTLE/Projects/Sandbox/svelte-wc/app-builder/.svelte-kit/generated/client/app.js:40
[  564031ms] [ERROR] Failed to load resource: the server responded with a status of 500 (Internal Server Error) @ http://localhost:9898/src/lib/components/file-tree.svelte:0
[  564036ms] [ERROR] [vite] Internal Server Error
/Users/trentbrew/TURTLE/Projects/Sandbox/svelte-wc/app-builder/src/lib/components/file-tree.svelte:247:12 Unexpected end of input
https://svelte.dev/e/unexpected_eof

- Did you forget to add a lang attribute to your style tag?
- Did you forget to add a style preprocessor? See https://github.com/sveltejs/vite-plugin-svelte/blob/main/docs/preprocess.md for more information.
 @ http://localhost:9898/@vite/client:999
[  564083ms] [WARNING] The next HMR update will cause the page to reload @ http://localhost:9898/node_modules/.pnpm/@sveltejs+kit@2.65.1_@opentelemetry+api@1.9.1_@sveltejs+vite-plugin-svelte@5.1.1_svelte_3c8e8ea26ccb90fc2477dcb70de6ce91/node_modules/@sveltejs/kit/src/runtime/client/client.js?v=0c5e908e:3387
[  564083ms] [ERROR] TypeError: Failed to fetch dynamically imported module: http://localhost:9898/.svelte-kit/generated/client/nodes/4.js?t=1787588360187 @ http://localhost:9898/@fs/Users/trentbrew/TURTLE/Projects/Sandbox/svelte-wc/app-builder/.svelte-kit/generated/client/app.js:40
[  564661ms] [ERROR] Failed to load resource: the server responded with a status of 500 (Internal Server Error) @ http://localhost:9898/src/lib/components/file-tree.svelte:0
[  564699ms] [ERROR] [vite] Internal Server Error
/Users/trentbrew/TURTLE/Projects/Sandbox/svelte-wc/app-builder/src/lib/components/file-tree.svelte:247:12 Unexpected end of input
https://svelte.dev/e/unexpected_eof

- Did you forget to add a lang attribute to your style tag?
- Did you forget to add a style preprocessor? See https://github.com/sveltejs/vite-plugin-svelte/blob/main/docs/preprocess.md for more information.
 @ http://localhost:9898/@vite/client:999
[  564712ms] [WARNING] The next HMR update will cause the page to reload @ http://localhost:9898/node_modules/.pnpm/@sveltejs+kit@2.65.1_@opentelemetry+api@1.9.1_@sveltejs+vite-plugin-svelte@5.1.1_svelte_3c8e8ea26ccb90fc2477dcb70de6ce91/node_modules/@sveltejs/kit/src/runtime/client/client.js?v=0c5e908e:3387
[  564712ms] [ERROR] TypeError: Failed to fetch dynamically imported module: http://localhost:9898/.svelte-kit/generated/client/nodes/4.js?t=1787588360187 @ http://localhost:9898/@fs/Users/trentbrew/TURTLE/Projects/Sandbox/svelte-wc/app-builder/.svelte-kit/generated/client/app.js:40
[  565185ms] [ERROR] Failed to load resource: the server responded with a status of 500 (Internal Server Error) @ http://localhost:9898/src/lib/components/file-tree.svelte:0
[  565192ms] [ERROR] [vite] Internal Server Error
/Users/trentbrew/TURTLE/Projects/Sandbox/svelte-wc/app-builder/src/lib/components/file-tree.svelte:247:12 Unexpected end of input
https://svelte.dev/e/unexpected_eof

- Did you forget to add a lang attribute to your style tag?
- Did you forget to add a style preprocessor? See https://github.com/sveltejs/vite-plugin-svelte/blob/main/docs/preprocess.md for more information.
 @ http://localhost:9898/@vite/client:999
[  565239ms] [WARNING] The next HMR update will cause the page to reload @ http://localhost:9898/node_modules/.pnpm/@sveltejs+kit@2.65.1_@opentelemetry+api@1.9.1_@sveltejs+vite-plugin-svelte@5.1.1_svelte_3c8e8ea26ccb90fc2477dcb70de6ce91/node_modules/@sveltejs/kit/src/runtime/client/client.js?v=0c5e908e:3387
[  565239ms] [ERROR] TypeError: Failed to fetch dynamically imported module: http://localhost:9898/.svelte-kit/generated/client/nodes/4.js?t=1787588360187 @ http://localhost:9898/@fs/Users/trentbrew/TURTLE/Projects/Sandbox/svelte-wc/app-builder/.svelte-kit/generated/client/app.js:40
[  565732ms] [ERROR] Failed to load resource: the server responded with a status of 500 (Internal Server Error) @ http://localhost:9898/src/lib/components/file-tree.svelte:0
[  565771ms] [ERROR] [vite] Internal Server Error
/Users/trentbrew/TURTLE/Projects/Sandbox/svelte-wc/app-builder/src/lib/components/file-tree.svelte:247:12 Unexpected end of input
https://svelte.dev/e/unexpected_eof

- Did you forget to add a lang attribute to your style tag?
- Did you forget to add a style preprocessor? See https://github.com/sveltejs/vite-plugin-svelte/blob/main/docs/preprocess.md for more information.
 @ http://localhost:9898/@vite/client:999
[  565790ms] [WARNING] The next HMR update will cause the page to reload @ http://localhost:9898/node_modules/.pnpm/@sveltejs+kit@2.65.1_@opentelemetry+api@1.9.1_@sveltejs+vite-plugin-svelte@5.1.1_svelte_3c8e8ea26ccb90fc2477dcb70de6ce91/node_modules/@sveltejs/kit/src/runtime/client/client.js?v=0c5e908e:3387
[  565790ms] [ERROR] TypeError: Failed to fetch dynamically imported module: http://localhost:9898/.svelte-kit/generated/client/nodes/4.js?t=1787588360187 @ http://localhost:9898/@fs/Users/trentbrew/TURTLE/Projects/Sandbox/svelte-wc/app-builder/.svelte-kit/generated/client/app.js:40
[  566318ms] [ERROR] Failed to load resource: the server responded with a status of 500 (Internal Server Error) @ http://localhost:9898/src/lib/components/file-tree.svelte:0
[  566353ms] [ERROR] [vite] Internal Server Error
/Users/trentbrew/TURTLE/Projects/Sandbox/svelte-wc/app-builder/src/lib/components/file-tree.svelte:247:12 Unexpected end of input
https://svelte.dev/e/unexpected_eof

- Did you forget to add a lang attribute to your style tag?
- Did you forget to add a style preprocessor? See https://github.com/sveltejs/vite-plugin-svelte/blob/main/docs/preprocess.md for more information.
 @ http://localhost:9898/@vite/client:999
[  566377ms] [WARNING] The next HMR update will cause the page to reload @ http://localhost:9898/node_modules/.pnpm/@sveltejs+kit@2.65.1_@opentelemetry+api@1.9.1_@sveltejs+vite-plugin-svelte@5.1.1_svelte_3c8e8ea26ccb90fc2477dcb70de6ce91/node_modules/@sveltejs/kit/src/runtime/client/client.js?v=0c5e908e:3387
[  566378ms] [ERROR] TypeError: Failed to fetch dynamically imported module: http://localhost:9898/.svelte-kit/generated/client/nodes/4.js?t=1787588360187 @ http://localhost:9898/@fs/Users/trentbrew/TURTLE/Projects/Sandbox/svelte-wc/app-builder/.svelte-kit/generated/client/app.js:40
[  566954ms] [ERROR] Failed to load resource: the server responded with a status of 500 (Internal Server Error) @ http://localhost:9898/src/lib/components/file-tree.svelte:0
[  566961ms] [ERROR] [vite] Internal Server Error
/Users/trentbrew/TURTLE/Projects/Sandbox/svelte-wc/app-builder/src/lib/components/file-tree.svelte:247:12 Unexpected end of input
https://svelte.dev/e/unexpected_eof

- Did you forget to add a lang attribute to your style tag?
- Did you forget to add a style preprocessor? See https://github.com/sveltejs/vite-plugin-svelte/blob/main/docs/preprocess.md for more information.
 @ http://localhost:9898/@vite/client:999
[  567008ms] [WARNING] The next HMR update will cause the page to reload @ http://localhost:9898/node_modules/.pnpm/@sveltejs+kit@2.65.1_@opentelemetry+api@1.9.1_@sveltejs+vite-plugin-svelte@5.1.1_svelte_3c8e8ea26ccb90fc2477dcb70de6ce91/node_modules/@sveltejs/kit/src/runtime/client/client.js?v=0c5e908e:3387
[  567008ms] [ERROR] TypeError: Failed to fetch dynamically imported module: http://localhost:9898/.svelte-kit/generated/client/nodes/4.js?t=1787588360187 @ http://localhost:9898/@fs/Users/trentbrew/TURTLE/Projects/Sandbox/svelte-wc/app-builder/.svelte-kit/generated/client/app.js:40
[  567592ms] [ERROR] Failed to load resource: the server responded with a status of 500 (Internal Server Error) @ http://localhost:9898/src/lib/components/file-tree.svelte:0
[  567598ms] [ERROR] [vite] Internal Server Error
/Users/trentbrew/TURTLE/Projects/Sandbox/svelte-wc/app-builder/src/lib/components/file-tree.svelte:247:12 Unexpected end of input
https://svelte.dev/e/unexpected_eof

- Did you forget to add a lang attribute to your style tag?
- Did you forget to add a style preprocessor? See https://github.com/sveltejs/vite-plugin-svelte/blob/main/docs/preprocess.md for more information.
 @ http://localhost:9898/@vite/client:999
[  567645ms] [WARNING] The next HMR update will cause the page to reload @ http://localhost:9898/node_modules/.pnpm/@sveltejs+kit@2.65.1_@opentelemetry+api@1.9.1_@sveltejs+vite-plugin-svelte@5.1.1_svelte_3c8e8ea26ccb90fc2477dcb70de6ce91/node_modules/@sveltejs/kit/src/runtime/client/client.js?v=0c5e908e:3387
[  567646ms] [ERROR] TypeError: Failed to fetch dynamically imported module: http://localhost:9898/.svelte-kit/generated/client/nodes/4.js?t=1787588360187 @ http://localhost:9898/@fs/Users/trentbrew/TURTLE/Projects/Sandbox/svelte-wc/app-builder/.svelte-kit/generated/client/app.js:40
[  568298ms] [ERROR] [vite] Internal Server Error
/Users/trentbrew/TURTLE/Projects/Sandbox/svelte-wc/app-builder/src/lib/components/file-tree.svelte:247:12 Unexpected end of input
https://svelte.dev/e/unexpected_eof

- Did you forget to add a lang attribute to your style tag?
- Did you forget to add a style preprocessor? See https://github.com/sveltejs/vite-plugin-svelte/blob/main/docs/preprocess.md for more information.
 @ http://localhost:9898/@vite/client:999
[  568298ms] [ERROR] Failed to load resource: the server responded with a status of 500 (Internal Server Error) @ http://localhost:9898/src/lib/components/file-tree.svelte:0
[  568363ms] [WARNING] The next HMR update will cause the page to reload @ http://localhost:9898/node_modules/.pnpm/@sveltejs+kit@2.65.1_@opentelemetry+api@1.9.1_@sveltejs+vite-plugin-svelte@5.1.1_svelte_3c8e8ea26ccb90fc2477dcb70de6ce91/node_modules/@sveltejs/kit/src/runtime/client/client.js?v=0c5e908e:3387
[  568363ms] [ERROR] TypeError: Failed to fetch dynamically imported module: http://localhost:9898/.svelte-kit/generated/client/nodes/4.js?t=1787588360187 @ http://localhost:9898/@fs/Users/trentbrew/TURTLE/Projects/Sandbox/svelte-wc/app-builder/.svelte-kit/generated/client/app.js:40
[  568930ms] [ERROR] Failed to load resource: the server responded with a status of 500 (Internal Server Error) @ http://localhost:9898/src/lib/components/file-tree.svelte:0
[  568940ms] [ERROR] [vite] Internal Server Error
/Users/trentbrew/TURTLE/Projects/Sandbox/svelte-wc/app-builder/src/lib/components/file-tree.svelte:247:12 Unexpected end of input
https://svelte.dev/e/unexpected_eof

- Did you forget to add a lang attribute to your style tag?
- Did you forget to add a style preprocessor? See https://github.com/sveltejs/vite-plugin-svelte/blob/main/docs/preprocess.md for more information.
 @ http://localhost:9898/@vite/client:999
[  568988ms] [WARNING] The next HMR update will cause the page to reload @ http://localhost:9898/node_modules/.pnpm/@sveltejs+kit@2.65.1_@opentelemetry+api@1.9.1_@sveltejs+vite-plugin-svelte@5.1.1_svelte_3c8e8ea26ccb90fc2477dcb70de6ce91/node_modules/@sveltejs/kit/src/runtime/client/client.js?v=0c5e908e:3387
[  568988ms] [ERROR] TypeError: Failed to fetch dynamically imported module: http://localhost:9898/.svelte-kit/generated/client/nodes/4.js?t=1787588360187 @ http://localhost:9898/@fs/Users/trentbrew/TURTLE/Projects/Sandbox/svelte-wc/app-builder/.svelte-kit/generated/client/app.js:40
[  569438ms] [ERROR] Failed to load resource: the server responded with a status of 500 (Internal Server Error) @ http://localhost:9898/src/lib/components/file-tree.svelte:0
[  569462ms] [ERROR] [vite] Internal Server Error
/Users/trentbrew/TURTLE/Projects/Sandbox/svelte-wc/app-builder/src/lib/components/file-tree.svelte:247:12 Unexpected end of input
https://svelte.dev/e/unexpected_eof

- Did you forget to add a lang attribute to your style tag?
- Did you forget to add a style preprocessor? See https://github.com/sveltejs/vite-plugin-svelte/blob/main/docs/preprocess.md for more information.
 @ http://localhost:9898/@vite/client:999
[  569518ms] [WARNING] The next HMR update will cause the page to reload @ http://localhost:9898/node_modules/.pnpm/@sveltejs+kit@2.65.1_@opentelemetry+api@1.9.1_@sveltejs+vite-plugin-svelte@5.1.1_svelte_3c8e8ea26ccb90fc2477dcb70de6ce91/node_modules/@sveltejs/kit/src/runtime/client/client.js?v=0c5e908e:3387
[  569518ms] [ERROR] TypeError: Failed to fetch dynamically imported module: http://localhost:9898/.svelte-kit/generated/client/nodes/4.js?t=1787588360187 @ http://localhost:9898/@fs/Users/trentbrew/TURTLE/Projects/Sandbox/svelte-wc/app-builder/.svelte-kit/generated/client/app.js:40
[  570036ms] [ERROR] Failed to load resource: the server responded with a status of 500 (Internal Server Error) @ http://localhost:9898/src/lib/components/file-tree.svelte:0
[  570044ms] [ERROR] [vite] Internal Server Error
/Users/trentbrew/TURTLE/Projects/Sandbox/svelte-wc/app-builder/src/lib/components/file-tree.svelte:247:12 Unexpected end of input
https://svelte.dev/e/unexpected_eof

- Did you forget to add a lang attribute to your style tag?
- Did you forget to add a style preprocessor? See https://github.com/sveltejs/vite-plugin-svelte/blob/main/docs/preprocess.md for more information.
 @ http://localhost:9898/@vite/client:999
[  570091ms] [WARNING] The next HMR update will cause the page to reload @ http://localhost:9898/node_modules/.pnpm/@sveltejs+kit@2.65.1_@opentelemetry+api@1.9.1_@sveltejs+vite-plugin-svelte@5.1.1_svelte_3c8e8ea26ccb90fc2477dcb70de6ce91/node_modules/@sveltejs/kit/src/runtime/client/client.js?v=0c5e908e:3387
[  570091ms] [ERROR] TypeError: Failed to fetch dynamically imported module: http://localhost:9898/.svelte-kit/generated/client/nodes/4.js?t=1787588360187 @ http://localhost:9898/@fs/Users/trentbrew/TURTLE/Projects/Sandbox/svelte-wc/app-builder/.svelte-kit/generated/client/app.js:40
[  570695ms] [ERROR] Failed to load resource: the server responded with a status of 500 (Internal Server Error) @ http://localhost:9898/src/lib/components/file-tree.svelte:0
[  570719ms] [ERROR] [vite] Internal Server Error
/Users/trentbrew/TURTLE/Projects/Sandbox/svelte-wc/app-builder/src/lib/components/file-tree.svelte:247:12 Unexpected end of input
https://svelte.dev/e/unexpected_eof

- Did you forget to add a lang attribute to your style tag?
- Did you forget to add a style preprocessor? See https://github.com/sveltejs/vite-plugin-svelte/blob/main/docs/preprocess.md for more information.
 @ http://localhost:9898/@vite/client:999
[  570780ms] [WARNING] The next HMR update will cause the page to reload @ http://localhost:9898/node_modules/.pnpm/@sveltejs+kit@2.65.1_@opentelemetry+api@1.9.1_@sveltejs+vite-plugin-svelte@5.1.1_svelte_3c8e8ea26ccb90fc2477dcb70de6ce91/node_modules/@sveltejs/kit/src/runtime/client/client.js?v=0c5e908e:3387
[  570781ms] [ERROR] TypeError: Failed to fetch dynamically imported module: http://localhost:9898/.svelte-kit/generated/client/nodes/4.js?t=1787588366310 @ http://localhost:9898/@fs/Users/trentbrew/TURTLE/Projects/Sandbox/svelte-wc/app-builder/.svelte-kit/generated/client/app.js:40
[  571372ms] [ERROR] Failed to load resource: the server responded with a status of 500 (Internal Server Error) @ http://localhost:9898/src/lib/components/file-tree.svelte:0
[  571379ms] [ERROR] [vite] Internal Server Error
/Users/trentbrew/TURTLE/Projects/Sandbox/svelte-wc/app-builder/src/lib/components/file-tree.svelte:247:12 Unexpected end of input
https://svelte.dev/e/unexpected_eof

- Did you forget to add a lang attribute to your style tag?
- Did you forget to add a style preprocessor? See https://github.com/sveltejs/vite-plugin-svelte/blob/main/docs/preprocess.md for more information.
 @ http://localhost:9898/@vite/client:999
[  571428ms] [WARNING] The next HMR update will cause the page to reload @ http://localhost:9898/node_modules/.pnpm/@sveltejs+kit@2.65.1_@opentelemetry+api@1.9.1_@sveltejs+vite-plugin-svelte@5.1.1_svelte_3c8e8ea26ccb90fc2477dcb70de6ce91/node_modules/@sveltejs/kit/src/runtime/client/client.js?v=0c5e908e:3387
[  571428ms] [ERROR] TypeError: Failed to fetch dynamically imported module: http://localhost:9898/.svelte-kit/generated/client/nodes/4.js?t=1787588366310 @ http://localhost:9898/@fs/Users/trentbrew/TURTLE/Projects/Sandbox/svelte-wc/app-builder/.svelte-kit/generated/client/app.js:40
[  571997ms] [ERROR] Failed to load resource: the server responded with a status of 500 (Internal Server Error) @ http://localhost:9898/src/lib/components/file-tree.svelte:0
[  572005ms] [ERROR] [vite] Internal Server Error
/Users/trentbrew/TURTLE/Projects/Sandbox/svelte-wc/app-builder/src/lib/components/file-tree.svelte:247:12 Unexpected end of input
https://svelte.dev/e/unexpected_eof

- Did you forget to add a lang attribute to your style tag?
- Did you forget to add a style preprocessor? See https://github.com/sveltejs/vite-plugin-svelte/blob/main/docs/preprocess.md for more information.
 @ http://localhost:9898/@vite/client:999
[  572053ms] [WARNING] The next HMR update will cause the page to reload @ http://localhost:9898/node_modules/.pnpm/@sveltejs+kit@2.65.1_@opentelemetry+api@1.9.1_@sveltejs+vite-plugin-svelte@5.1.1_svelte_3c8e8ea26ccb90fc2477dcb70de6ce91/node_modules/@sveltejs/kit/src/runtime/client/client.js?v=0c5e908e:3387
[  572053ms] [ERROR] TypeError: Failed to fetch dynamically imported module: http://localhost:9898/.svelte-kit/generated/client/nodes/4.js?t=1787588366310 @ http://localhost:9898/@fs/Users/trentbrew/TURTLE/Projects/Sandbox/svelte-wc/app-builder/.svelte-kit/generated/client/app.js:40
[  572556ms] [ERROR] Failed to load resource: the server responded with a status of 500 (Internal Server Error) @ http://localhost:9898/src/lib/components/file-tree.svelte:0
[  572560ms] [ERROR] [vite] Internal Server Error
/Users/trentbrew/TURTLE/Projects/Sandbox/svelte-wc/app-builder/src/lib/components/file-tree.svelte:247:12 Unexpected end of input
https://svelte.dev/e/unexpected_eof

- Did you forget to add a lang attribute to your style tag?
- Did you forget to add a style preprocessor? See https://github.com/sveltejs/vite-plugin-svelte/blob/main/docs/preprocess.md for more information.
 @ http://localhost:9898/@vite/client:999
[  572583ms] [WARNING] The next HMR update will cause the page to reload @ http://localhost:9898/node_modules/.pnpm/@sveltejs+kit@2.65.1_@opentelemetry+api@1.9.1_@sveltejs+vite-plugin-svelte@5.1.1_svelte_3c8e8ea26ccb90fc2477dcb70de6ce91/node_modules/@sveltejs/kit/src/runtime/client/client.js?v=0c5e908e:3387
[  572583ms] [ERROR] TypeError: Failed to fetch dynamically imported module: http://localhost:9898/.svelte-kit/generated/client/nodes/4.js?t=1787588366310 @ http://localhost:9898/@fs/Users/trentbrew/TURTLE/Projects/Sandbox/svelte-wc/app-builder/.svelte-kit/generated/client/app.js:40
[  573568ms] [ERROR] Failed to load resource: the server responded with a status of 500 (Internal Server Error) @ http://localhost:9898/src/lib/components/file-tree.svelte:0
[  573571ms] [ERROR] [vite] Internal Server Error
/Users/trentbrew/TURTLE/Projects/Sandbox/svelte-wc/app-builder/src/lib/components/file-tree.svelte:247:12 Unexpected end of input
https://svelte.dev/e/unexpected_eof

- Did you forget to add a lang attribute to your style tag?
- Did you forget to add a style preprocessor? See https://github.com/sveltejs/vite-plugin-svelte/blob/main/docs/preprocess.md for more information.
 @ http://localhost:9898/@vite/client:999
[  573654ms] [WARNING] The next HMR update will cause the page to reload @ http://localhost:9898/node_modules/.pnpm/@sveltejs+kit@2.65.1_@opentelemetry+api@1.9.1_@sveltejs+vite-plugin-svelte@5.1.1_svelte_3c8e8ea26ccb90fc2477dcb70de6ce91/node_modules/@sveltejs/kit/src/runtime/client/client.js?v=0c5e908e:3387
[  573654ms] [ERROR] TypeError: Failed to fetch dynamically imported module: http://localhost:9898/.svelte-kit/generated/client/nodes/4.js?t=1787588366310 @ http://localhost:9898/@fs/Users/trentbrew/TURTLE/Projects/Sandbox/svelte-wc/app-builder/.svelte-kit/generated/client/app.js:40
[  574120ms] [ERROR] Failed to load resource: the server responded with a status of 500 (Internal Server Error) @ http://localhost:9898/src/lib/components/file-tree.svelte:0
[  574123ms] [ERROR] [vite] Internal Server Error
/Users/trentbrew/TURTLE/Projects/Sandbox/svelte-wc/app-builder/src/lib/components/file-tree.svelte:247:12 Unexpected end of input
https://svelte.dev/e/unexpected_eof

- Did you forget to add a lang attribute to your style tag?
- Did you forget to add a style preprocessor? See https://github.com/sveltejs/vite-plugin-svelte/blob/main/docs/preprocess.md for more information.
 @ http://localhost:9898/@vite/client:999
[  574188ms] [WARNING] The next HMR update will cause the page to reload @ http://localhost:9898/node_modules/.pnpm/@sveltejs+kit@2.65.1_@opentelemetry+api@1.9.1_@sveltejs+vite-plugin-svelte@5.1.1_svelte_3c8e8ea26ccb90fc2477dcb70de6ce91/node_modules/@sveltejs/kit/src/runtime/client/client.js?v=0c5e908e:3387
[  574189ms] [ERROR] TypeError: Failed to fetch dynamically imported module: http://localhost:9898/.svelte-kit/generated/client/nodes/4.js?t=1787588366310 @ http://localhost:9898/@fs/Users/trentbrew/TURTLE/Projects/Sandbox/svelte-wc/app-builder/.svelte-kit/generated/client/app.js:40
[  574822ms] [ERROR] Failed to load resource: the server responded with a status of 500 (Internal Server Error) @ http://localhost:9898/src/lib/components/file-tree.svelte:0
[  574827ms] [ERROR] [vite] Internal Server Error
/Users/trentbrew/TURTLE/Projects/Sandbox/svelte-wc/app-builder/src/lib/components/file-tree.svelte:247:12 Unexpected end of input
https://svelte.dev/e/unexpected_eof

- Did you forget to add a lang attribute to your style tag?
- Did you forget to add a style preprocessor? See https://github.com/sveltejs/vite-plugin-svelte/blob/main/docs/preprocess.md for more information.
 @ http://localhost:9898/@vite/client:999
[  574875ms] [WARNING] The next HMR update will cause the page to reload @ http://localhost:9898/node_modules/.pnpm/@sveltejs+kit@2.65.1_@opentelemetry+api@1.9.1_@sveltejs+vite-plugin-svelte@5.1.1_svelte_3c8e8ea26ccb90fc2477dcb70de6ce91/node_modules/@sveltejs/kit/src/runtime/client/client.js?v=0c5e908e:3387
[  574875ms] [ERROR] TypeError: Failed to fetch dynamically imported module: http://localhost:9898/.svelte-kit/generated/client/nodes/4.js?t=1787588366310 @ http://localhost:9898/@fs/Users/trentbrew/TURTLE/Projects/Sandbox/svelte-wc/app-builder/.svelte-kit/generated/client/app.js:40
[  575486ms] [ERROR] Failed to load resource: the server responded with a status of 500 (Internal Server Error) @ http://localhost:9898/src/lib/components/file-tree.svelte:0
[  575490ms] [ERROR] [vite] Internal Server Error
/Users/trentbrew/TURTLE/Projects/Sandbox/svelte-wc/app-builder/src/lib/components/file-tree.svelte:247:12 Unexpected end of input
https://svelte.dev/e/unexpected_eof

- Did you forget to add a lang attribute to your style tag?
- Did you forget to add a style preprocessor? See https://github.com/sveltejs/vite-plugin-svelte/blob/main/docs/preprocess.md for more information.
 @ http://localhost:9898/@vite/client:999
[  575538ms] [WARNING] The next HMR update will cause the page to reload @ http://localhost:9898/node_modules/.pnpm/@sveltejs+kit@2.65.1_@opentelemetry+api@1.9.1_@sveltejs+vite-plugin-svelte@5.1.1_svelte_3c8e8ea26ccb90fc2477dcb70de6ce91/node_modules/@sveltejs/kit/src/runtime/client/client.js?v=0c5e908e:3387
[  575539ms] [ERROR] TypeError: Failed to fetch dynamically imported module: http://localhost:9898/.svelte-kit/generated/client/nodes/4.js?t=1787588366310 @ http://localhost:9898/@fs/Users/trentbrew/TURTLE/Projects/Sandbox/svelte-wc/app-builder/.svelte-kit/generated/client/app.js:40
[  576000ms] [ERROR] Failed to load resource: the server responded with a status of 500 (Internal Server Error) @ http://localhost:9898/src/lib/components/file-tree.svelte:0
[  576039ms] [ERROR] [vite] Internal Server Error
/Users/trentbrew/TURTLE/Projects/Sandbox/svelte-wc/app-builder/src/lib/components/file-tree.svelte:247:12 Unexpected end of input
https://svelte.dev/e/unexpected_eof

- Did you forget to add a lang attribute to your style tag?
- Did you forget to add a style preprocessor? See https://github.com/sveltejs/vite-plugin-svelte/blob/main/docs/preprocess.md for more information.
 @ http://localhost:9898/@vite/client:999
[  576056ms] [WARNING] The next HMR update will cause the page to reload @ http://localhost:9898/node_modules/.pnpm/@sveltejs+kit@2.65.1_@opentelemetry+api@1.9.1_@sveltejs+vite-plugin-svelte@5.1.1_svelte_3c8e8ea26ccb90fc2477dcb70de6ce91/node_modules/@sveltejs/kit/src/runtime/client/client.js?v=0c5e908e:3387
[  576057ms] [ERROR] TypeError: Failed to fetch dynamically imported module: http://localhost:9898/.svelte-kit/generated/client/nodes/4.js?t=1787588366310 @ http://localhost:9898/@fs/Users/trentbrew/TURTLE/Projects/Sandbox/svelte-wc/app-builder/.svelte-kit/generated/client/app.js:40
[  576716ms] [ERROR] Failed to load resource: the server responded with a status of 500 (Internal Server Error) @ http://localhost:9898/src/lib/components/file-tree.svelte:0
[  576720ms] [ERROR] [vite] Internal Server Error
/Users/trentbrew/TURTLE/Projects/Sandbox/svelte-wc/app-builder/src/lib/components/file-tree.svelte:247:12 Unexpected end of input
https://svelte.dev/e/unexpected_eof

- Did you forget to add a lang attribute to your style tag?
- Did you forget to add a style preprocessor? See https://github.com/sveltejs/vite-plugin-svelte/blob/main/docs/preprocess.md for more information.
 @ http://localhost:9898/@vite/client:999
[  576749ms] [WARNING] The next HMR update will cause the page to reload @ http://localhost:9898/node_modules/.pnpm/@sveltejs+kit@2.65.1_@opentelemetry+api@1.9.1_@sveltejs+vite-plugin-svelte@5.1.1_svelte_3c8e8ea26ccb90fc2477dcb70de6ce91/node_modules/@sveltejs/kit/src/runtime/client/client.js?v=0c5e908e:3387
[  576749ms] [ERROR] TypeError: Failed to fetch dynamically imported module: http://localhost:9898/.svelte-kit/generated/client/nodes/4.js?t=1787588372764 @ http://localhost:9898/@fs/Users/trentbrew/TURTLE/Projects/Sandbox/svelte-wc/app-builder/.svelte-kit/generated/client/app.js:40
[  577364ms] [ERROR] Failed to load resource: the server responded with a status of 500 (Internal Server Error) @ http://localhost:9898/src/lib/components/file-tree.svelte:0
[  577370ms] [ERROR] [vite] Internal Server Error
/Users/trentbrew/TURTLE/Projects/Sandbox/svelte-wc/app-builder/src/lib/components/file-tree.svelte:247:12 Unexpected end of input
https://svelte.dev/e/unexpected_eof

- Did you forget to add a lang attribute to your style tag?
- Did you forget to add a style preprocessor? See https://github.com/sveltejs/vite-plugin-svelte/blob/main/docs/preprocess.md for more information.
 @ http://localhost:9898/@vite/client:999
[  577396ms] [WARNING] The next HMR update will cause the page to reload @ http://localhost:9898/node_modules/.pnpm/@sveltejs+kit@2.65.1_@opentelemetry+api@1.9.1_@sveltejs+vite-plugin-svelte@5.1.1_svelte_3c8e8ea26ccb90fc2477dcb70de6ce91/node_modules/@sveltejs/kit/src/runtime/client/client.js?v=0c5e908e:3387
[  577396ms] [ERROR] TypeError: Failed to fetch dynamically imported module: http://localhost:9898/.svelte-kit/generated/client/nodes/4.js?t=1787588372764 @ http://localhost:9898/@fs/Users/trentbrew/TURTLE/Projects/Sandbox/svelte-wc/app-builder/.svelte-kit/generated/client/app.js:40
[  577881ms] [ERROR] Failed to load resource: the server responded with a status of 500 (Internal Server Error) @ http://localhost:9898/src/lib/components/file-tree.svelte:0
[  577888ms] [ERROR] [vite] Internal Server Error
/Users/trentbrew/TURTLE/Projects/Sandbox/svelte-wc/app-builder/src/lib/components/file-tree.svelte:247:12 Unexpected end of input
https://svelte.dev/e/unexpected_eof

- Did you forget to add a lang attribute to your style tag?
- Did you forget to add a style preprocessor? See https://github.com/sveltejs/vite-plugin-svelte/blob/main/docs/preprocess.md for more information.
 @ http://localhost:9898/@vite/client:999
[  577948ms] [WARNING] The next HMR update will cause the page to reload @ http://localhost:9898/node_modules/.pnpm/@sveltejs+kit@2.65.1_@opentelemetry+api@1.9.1_@sveltejs+vite-plugin-svelte@5.1.1_svelte_3c8e8ea26ccb90fc2477dcb70de6ce91/node_modules/@sveltejs/kit/src/runtime/client/client.js?v=0c5e908e:3387
[  577949ms] [ERROR] TypeError: Failed to fetch dynamically imported module: http://localhost:9898/.svelte-kit/generated/client/nodes/4.js?t=1787588372764 @ http://localhost:9898/@fs/Users/trentbrew/TURTLE/Projects/Sandbox/svelte-wc/app-builder/.svelte-kit/generated/client/app.js:40
[  578493ms] [ERROR] Failed to load resource: the server responded with a status of 500 (Internal Server Error) @ http://localhost:9898/src/lib/components/file-tree.svelte:0
[  578503ms] [ERROR] [vite] Internal Server Error
/Users/trentbrew/TURTLE/Projects/Sandbox/svelte-wc/app-builder/src/lib/components/file-tree.svelte:247:12 Unexpected end of input
https://svelte.dev/e/unexpected_eof

- Did you forget to add a lang attribute to your style tag?
- Did you forget to add a style preprocessor? See https://github.com/sveltejs/vite-plugin-svelte/blob/main/docs/preprocess.md for more information.
 @ http://localhost:9898/@vite/client:999
[  578518ms] [WARNING] The next HMR update will cause the page to reload @ http://localhost:9898/node_modules/.pnpm/@sveltejs+kit@2.65.1_@opentelemetry+api@1.9.1_@sveltejs+vite-plugin-svelte@5.1.1_svelte_3c8e8ea26ccb90fc2477dcb70de6ce91/node_modules/@sveltejs/kit/src/runtime/client/client.js?v=0c5e908e:3387
[  578518ms] [ERROR] TypeError: Failed to fetch dynamically imported module: http://localhost:9898/.svelte-kit/generated/client/nodes/4.js?t=1787588372764 @ http://localhost:9898/@fs/Users/trentbrew/TURTLE/Projects/Sandbox/svelte-wc/app-builder/.svelte-kit/generated/client/app.js:40
[  579023ms] [ERROR] Failed to load resource: the server responded with a status of 500 (Internal Server Error) @ http://localhost:9898/src/lib/components/file-tree.svelte:0
[  579065ms] [ERROR] [vite] Internal Server Error
/Users/trentbrew/TURTLE/Projects/Sandbox/svelte-wc/app-builder/src/lib/components/file-tree.svelte:247:12 Unexpected end of input
https://svelte.dev/e/unexpected_eof

- Did you forget to add a lang attribute to your style tag?
- Did you forget to add a style preprocessor? See https://github.com/sveltejs/vite-plugin-svelte/blob/main/docs/preprocess.md for more information.
 @ http://localhost:9898/@vite/client:999
[  579088ms] [WARNING] The next HMR update will cause the page to reload @ http://localhost:9898/node_modules/.pnpm/@sveltejs+kit@2.65.1_@opentelemetry+api@1.9.1_@sveltejs+vite-plugin-svelte@5.1.1_svelte_3c8e8ea26ccb90fc2477dcb70de6ce91/node_modules/@sveltejs/kit/src/runtime/client/client.js?v=0c5e908e:3387
[  579088ms] [ERROR] TypeError: Failed to fetch dynamically imported module: http://localhost:9898/.svelte-kit/generated/client/nodes/4.js?t=1787588372764 @ http://localhost:9898/@fs/Users/trentbrew/TURTLE/Projects/Sandbox/svelte-wc/app-builder/.svelte-kit/generated/client/app.js:40
[  579535ms] [ERROR] Failed to load resource: the server responded with a status of 500 (Internal Server Error) @ http://localhost:9898/src/lib/components/file-tree.svelte:0
[  579542ms] [ERROR] [vite] Internal Server Error
/Users/trentbrew/TURTLE/Projects/Sandbox/svelte-wc/app-builder/src/lib/components/file-tree.svelte:247:12 Unexpected end of input
https://svelte.dev/e/unexpected_eof

- Did you forget to add a lang attribute to your style tag?
- Did you forget to add a style preprocessor? See https://github.com/sveltejs/vite-plugin-svelte/blob/main/docs/preprocess.md for more information.
 @ http://localhost:9898/@vite/client:999
[  579603ms] [WARNING] The next HMR update will cause the page to reload @ http://localhost:9898/node_modules/.pnpm/@sveltejs+kit@2.65.1_@opentelemetry+api@1.9.1_@sveltejs+vite-plugin-svelte@5.1.1_svelte_3c8e8ea26ccb90fc2477dcb70de6ce91/node_modules/@sveltejs/kit/src/runtime/client/client.js?v=0c5e908e:3387
[  579603ms] [ERROR] TypeError: Failed to fetch dynamically imported module: http://localhost:9898/.svelte-kit/generated/client/nodes/4.js?t=1787588372764 @ http://localhost:9898/@fs/Users/trentbrew/TURTLE/Projects/Sandbox/svelte-wc/app-builder/.svelte-kit/generated/client/app.js:40
[  580066ms] [ERROR] Failed to load resource: the server responded with a status of 500 (Internal Server Error) @ http://localhost:9898/src/lib/components/file-tree.svelte:0
[  580073ms] [ERROR] [vite] Internal Server Error
/Users/trentbrew/TURTLE/Projects/Sandbox/svelte-wc/app-builder/src/lib/components/file-tree.svelte:247:12 Unexpected end of input
https://svelte.dev/e/unexpected_eof

- Did you forget to add a lang attribute to your style tag?
- Did you forget to add a style preprocessor? See https://github.com/sveltejs/vite-plugin-svelte/blob/main/docs/preprocess.md for more information.
 @ http://localhost:9898/@vite/client:999
[  580119ms] [WARNING] The next HMR update will cause the page to reload @ http://localhost:9898/node_modules/.pnpm/@sveltejs+kit@2.65.1_@opentelemetry+api@1.9.1_@sveltejs+vite-plugin-svelte@5.1.1_svelte_3c8e8ea26ccb90fc2477dcb70de6ce91/node_modules/@sveltejs/kit/src/runtime/client/client.js?v=0c5e908e:3387
[  580119ms] [ERROR] TypeError: Failed to fetch dynamically imported module: http://localhost:9898/.svelte-kit/generated/client/nodes/4.js?t=1787588372764 @ http://localhost:9898/@fs/Users/trentbrew/TURTLE/Projects/Sandbox/svelte-wc/app-builder/.svelte-kit/generated/client/app.js:40
[  580593ms] [ERROR] Failed to load resource: the server responded with a status of 500 (Internal Server Error) @ http://localhost:9898/src/lib/components/file-tree.svelte:0
[  580600ms] [ERROR] [vite] Internal Server Error
/Users/trentbrew/TURTLE/Projects/Sandbox/svelte-wc/app-builder/src/lib/components/file-tree.svelte:247:12 Unexpected end of input
https://svelte.dev/e/unexpected_eof

- Did you forget to add a lang attribute to your style tag?
- Did you forget to add a style preprocessor? See https://github.com/sveltejs/vite-plugin-svelte/blob/main/docs/preprocess.md for more information.
 @ http://localhost:9898/@vite/client:999
[  580647ms] [WARNING] The next HMR update will cause the page to reload @ http://localhost:9898/node_modules/.pnpm/@sveltejs+kit@2.65.1_@opentelemetry+api@1.9.1_@sveltejs+vite-plugin-svelte@5.1.1_svelte_3c8e8ea26ccb90fc2477dcb70de6ce91/node_modules/@sveltejs/kit/src/runtime/client/client.js?v=0c5e908e:3387
[  580647ms] [ERROR] TypeError: Failed to fetch dynamically imported module: http://localhost:9898/.svelte-kit/generated/client/nodes/4.js?t=1787588372764 @ http://localhost:9898/@fs/Users/trentbrew/TURTLE/Projects/Sandbox/svelte-wc/app-builder/.svelte-kit/generated/client/app.js:40
[  581304ms] [ERROR] Failed to load resource: the server responded with a status of 500 (Internal Server Error) @ http://localhost:9898/src/lib/components/file-tree.svelte:0
[  581309ms] [ERROR] [vite] Internal Server Error
/Users/trentbrew/TURTLE/Projects/Sandbox/svelte-wc/app-builder/src/lib/components/file-tree.svelte:247:12 Unexpected end of input
https://svelte.dev/e/unexpected_eof

- Did you forget to add a lang attribute to your style tag?
- Did you forget to add a style preprocessor? See https://github.com/sveltejs/vite-plugin-svelte/blob/main/docs/preprocess.md for more information.
 @ http://localhost:9898/@vite/client:999
[  581322ms] [WARNING] The next HMR update will cause the page to reload @ http://localhost:9898/node_modules/.pnpm/@sveltejs+kit@2.65.1_@opentelemetry+api@1.9.1_@sveltejs+vite-plugin-svelte@5.1.1_svelte_3c8e8ea26ccb90fc2477dcb70de6ce91/node_modules/@sveltejs/kit/src/runtime/client/client.js?v=0c5e908e:3387
[  581322ms] [ERROR] TypeError: Failed to fetch dynamically imported module: http://localhost:9898/.svelte-kit/generated/client/nodes/4.js?t=1787588372764 @ http://localhost:9898/@fs/Users/trentbrew/TURTLE/Projects/Sandbox/svelte-wc/app-builder/.svelte-kit/generated/client/app.js:40
[  581824ms] [ERROR] Failed to load resource: the server responded with a status of 500 (Internal Server Error) @ http://localhost:9898/src/lib/components/file-tree.svelte:0
[  581827ms] [ERROR] [vite] Internal Server Error
/Users/trentbrew/TURTLE/Projects/Sandbox/svelte-wc/app-builder/src/lib/components/file-tree.svelte:247:12 Unexpected end of input
https://svelte.dev/e/unexpected_eof

- Did you forget to add a lang attribute to your style tag?
- Did you forget to add a style preprocessor? See https://github.com/sveltejs/vite-plugin-svelte/blob/main/docs/preprocess.md for more information.
 @ http://localhost:9898/@vite/client:999
[  581840ms] [WARNING] The next HMR update will cause the page to reload @ http://localhost:9898/node_modules/.pnpm/@sveltejs+kit@2.65.1_@opentelemetry+api@1.9.1_@sveltejs+vite-plugin-svelte@5.1.1_svelte_3c8e8ea26ccb90fc2477dcb70de6ce91/node_modules/@sveltejs/kit/src/runtime/client/client.js?v=0c5e908e:3387
[  581840ms] [ERROR] TypeError: Failed to fetch dynamically imported module: http://localhost:9898/.svelte-kit/generated/client/nodes/4.js?t=1787588372764 @ http://localhost:9898/@fs/Users/trentbrew/TURTLE/Projects/Sandbox/svelte-wc/app-builder/.svelte-kit/generated/client/app.js:40
[  582440ms] [ERROR] Failed to load resource: the server responded with a status of 500 (Internal Server Error) @ http://localhost:9898/src/lib/components/file-tree.svelte:0
[  582446ms] [ERROR] [vite] Internal Server Error
/Users/trentbrew/TURTLE/Projects/Sandbox/svelte-wc/app-builder/src/lib/components/file-tree.svelte:247:12 Unexpected end of input
https://svelte.dev/e/unexpected_eof

- Did you forget to add a lang attribute to your style tag?
- Did you forget to add a style preprocessor? See https://github.com/sveltejs/vite-plugin-svelte/blob/main/docs/preprocess.md for more information.
 @ http://localhost:9898/@vite/client:999
[  582468ms] [WARNING] The next HMR update will cause the page to reload @ http://localhost:9898/node_modules/.pnpm/@sveltejs+kit@2.65.1_@opentelemetry+api@1.9.1_@sveltejs+vite-plugin-svelte@5.1.1_svelte_3c8e8ea26ccb90fc2477dcb70de6ce91/node_modules/@sveltejs/kit/src/runtime/client/client.js?v=0c5e908e:3387
[  582468ms] [ERROR] TypeError: Failed to fetch dynamically imported module: http://localhost:9898/.svelte-kit/generated/client/nodes/4.js?t=1787588378418 @ http://localhost:9898/@fs/Users/trentbrew/TURTLE/Projects/Sandbox/svelte-wc/app-builder/.svelte-kit/generated/client/app.js:40
[  583054ms] [ERROR] [vite] Internal Server Error
/Users/trentbrew/TURTLE/Projects/Sandbox/svelte-wc/app-builder/src/lib/components/file-tree.svelte:247:12 Unexpected end of input
https://svelte.dev/e/unexpected_eof

- Did you forget to add a lang attribute to your style tag?
- Did you forget to add a style preprocessor? See https://github.com/sveltejs/vite-plugin-svelte/blob/main/docs/preprocess.md for more information.
 @ http://localhost:9898/@vite/client:999
[  583054ms] [ERROR] Failed to load resource: the server responded with a status of 500 (Internal Server Error) @ http://localhost:9898/src/lib/components/file-tree.svelte:0
[  583143ms] [WARNING] The next HMR update will cause the page to reload @ http://localhost:9898/node_modules/.pnpm/@sveltejs+kit@2.65.1_@opentelemetry+api@1.9.1_@sveltejs+vite-plugin-svelte@5.1.1_svelte_3c8e8ea26ccb90fc2477dcb70de6ce91/node_modules/@sveltejs/kit/src/runtime/client/client.js?v=0c5e908e:3387
[  583143ms] [ERROR] TypeError: Failed to fetch dynamically imported module: http://localhost:9898/.svelte-kit/generated/client/nodes/4.js?t=1787588378418 @ http://localhost:9898/@fs/Users/trentbrew/TURTLE/Projects/Sandbox/svelte-wc/app-builder/.svelte-kit/generated/client/app.js:40
[  583706ms] [ERROR] Failed to load resource: the server responded with a status of 500 (Internal Server Error) @ http://localhost:9898/src/lib/components/file-tree.svelte:0
[  583713ms] [ERROR] [vite] Internal Server Error
/Users/trentbrew/TURTLE/Projects/Sandbox/svelte-wc/app-builder/src/lib/components/file-tree.svelte:247:12 Unexpected end of input
https://svelte.dev/e/unexpected_eof

- Did you forget to add a lang attribute to your style tag?
- Did you forget to add a style preprocessor? See https://github.com/sveltejs/vite-plugin-svelte/blob/main/docs/preprocess.md for more information.
 @ http://localhost:9898/@vite/client:999
[  583761ms] [WARNING] The next HMR update will cause the page to reload @ http://localhost:9898/node_modules/.pnpm/@sveltejs+kit@2.65.1_@opentelemetry+api@1.9.1_@sveltejs+vite-plugin-svelte@5.1.1_svelte_3c8e8ea26ccb90fc2477dcb70de6ce91/node_modules/@sveltejs/kit/src/runtime/client/client.js?v=0c5e908e:3387
[  583761ms] [ERROR] TypeError: Failed to fetch dynamically imported module: http://localhost:9898/.svelte-kit/generated/client/nodes/4.js?t=1787588378418 @ http://localhost:9898/@fs/Users/trentbrew/TURTLE/Projects/Sandbox/svelte-wc/app-builder/.svelte-kit/generated/client/app.js:40
[  584191ms] [ERROR] Failed to load resource: the server responded with a status of 500 (Internal Server Error) @ http://localhost:9898/src/lib/components/file-tree.svelte:0
[  584198ms] [ERROR] [vite] Internal Server Error
/Users/trentbrew/TURTLE/Projects/Sandbox/svelte-wc/app-builder/src/lib/components/file-tree.svelte:247:12 Unexpected end of input
https://svelte.dev/e/unexpected_eof

- Did you forget to add a lang attribute to your style tag?
- Did you forget to add a style preprocessor? See https://github.com/sveltejs/vite-plugin-svelte/blob/main/docs/preprocess.md for more information.
 @ http://localhost:9898/@vite/client:999
[  584243ms] [WARNING] The next HMR update will cause the page to reload @ http://localhost:9898/node_modules/.pnpm/@sveltejs+kit@2.65.1_@opentelemetry+api@1.9.1_@sveltejs+vite-plugin-svelte@5.1.1_svelte_3c8e8ea26ccb90fc2477dcb70de6ce91/node_modules/@sveltejs/kit/src/runtime/client/client.js?v=0c5e908e:3387
[  584244ms] [ERROR] TypeError: Failed to fetch dynamically imported module: http://localhost:9898/.svelte-kit/generated/client/nodes/4.js?t=1787588378418 @ http://localhost:9898/@fs/Users/trentbrew/TURTLE/Projects/Sandbox/svelte-wc/app-builder/.svelte-kit/generated/client/app.js:40
[  584779ms] [ERROR] Failed to load resource: the server responded with a status of 500 (Internal Server Error) @ http://localhost:9898/src/lib/components/file-tree.svelte:0
[  584783ms] [ERROR] [vite] Internal Server Error
/Users/trentbrew/TURTLE/Projects/Sandbox/svelte-wc/app-builder/src/lib/components/file-tree.svelte:247:12 Unexpected end of input
https://svelte.dev/e/unexpected_eof

- Did you forget to add a lang attribute to your style tag?
- Did you forget to add a style preprocessor? See https://github.com/sveltejs/vite-plugin-svelte/blob/main/docs/preprocess.md for more information.
 @ http://localhost:9898/@vite/client:999
[  584831ms] [WARNING] The next HMR update will cause the page to reload @ http://localhost:9898/node_modules/.pnpm/@sveltejs+kit@2.65.1_@opentelemetry+api@1.9.1_@sveltejs+vite-plugin-svelte@5.1.1_svelte_3c8e8ea26ccb90fc2477dcb70de6ce91/node_modules/@sveltejs/kit/src/runtime/client/client.js?v=0c5e908e:3387
[  584831ms] [ERROR] TypeError: Failed to fetch dynamically imported module: http://localhost:9898/.svelte-kit/generated/client/nodes/4.js?t=1787588378418 @ http://localhost:9898/@fs/Users/trentbrew/TURTLE/Projects/Sandbox/svelte-wc/app-builder/.svelte-kit/generated/client/app.js:40
[  585338ms] [ERROR] Failed to load resource: the server responded with a status of 500 (Internal Server Error) @ http://localhost:9898/src/lib/components/file-tree.svelte:0
[  585341ms] [ERROR] [vite] Internal Server Error
/Users/trentbrew/TURTLE/Projects/Sandbox/svelte-wc/app-builder/src/lib/components/file-tree.svelte:247:12 Unexpected end of input
https://svelte.dev/e/unexpected_eof

- Did you forget to add a lang attribute to your style tag?
- Did you forget to add a style preprocessor? See https://github.com/sveltejs/vite-plugin-svelte/blob/main/docs/preprocess.md for more information.
 @ http://localhost:9898/@vite/client:999
[  585352ms] [WARNING] The next HMR update will cause the page to reload @ http://localhost:9898/node_modules/.pnpm/@sveltejs+kit@2.65.1_@opentelemetry+api@1.9.1_@sveltejs+vite-plugin-svelte@5.1.1_svelte_3c8e8ea26ccb90fc2477dcb70de6ce91/node_modules/@sveltejs/kit/src/runtime/client/client.js?v=0c5e908e:3387
[  585352ms] [ERROR] TypeError: Failed to fetch dynamically imported module: http://localhost:9898/.svelte-kit/generated/client/nodes/4.js?t=1787588378418 @ http://localhost:9898/@fs/Users/trentbrew/TURTLE/Projects/Sandbox/svelte-wc/app-builder/.svelte-kit/generated/client/app.js:40
[  585873ms] [ERROR] Failed to load resource: the server responded with a status of 500 (Internal Server Error) @ http://localhost:9898/src/lib/components/file-tree.svelte:0
[  585880ms] [ERROR] [vite] Internal Server Error
/Users/trentbrew/TURTLE/Projects/Sandbox/svelte-wc/app-builder/src/lib/components/file-tree.svelte:247:12 Unexpected end of input
https://svelte.dev/e/unexpected_eof

- Did you forget to add a lang attribute to your style tag?
- Did you forget to add a style preprocessor? See https://github.com/sveltejs/vite-plugin-svelte/blob/main/docs/preprocess.md for more information.
 @ http://localhost:9898/@vite/client:999
[  585926ms] [WARNING] The next HMR update will cause the page to reload @ http://localhost:9898/node_modules/.pnpm/@sveltejs+kit@2.65.1_@opentelemetry+api@1.9.1_@sveltejs+vite-plugin-svelte@5.1.1_svelte_3c8e8ea26ccb90fc2477dcb70de6ce91/node_modules/@sveltejs/kit/src/runtime/client/client.js?v=0c5e908e:3387
[  585927ms] [ERROR] TypeError: Failed to fetch dynamically imported module: http://localhost:9898/.svelte-kit/generated/client/nodes/4.js?t=1787588378418 @ http://localhost:9898/@fs/Users/trentbrew/TURTLE/Projects/Sandbox/svelte-wc/app-builder/.svelte-kit/generated/client/app.js:40
[  586383ms] [ERROR] Failed to load resource: the server responded with a status of 500 (Internal Server Error) @ http://localhost:9898/src/lib/components/file-tree.svelte:0
[  586393ms] [ERROR] [vite] Internal Server Error
/Users/trentbrew/TURTLE/Projects/Sandbox/svelte-wc/app-builder/src/lib/components/file-tree.svelte:247:12 Unexpected end of input
https://svelte.dev/e/unexpected_eof

- Did you forget to add a lang attribute to your style tag?
- Did you forget to add a style preprocessor? See https://github.com/sveltejs/vite-plugin-svelte/blob/main/docs/preprocess.md for more information.
 @ http://localhost:9898/@vite/client:999
[  586439ms] [WARNING] The next HMR update will cause the page to reload @ http://localhost:9898/node_modules/.pnpm/@sveltejs+kit@2.65.1_@opentelemetry+api@1.9.1_@sveltejs+vite-plugin-svelte@5.1.1_svelte_3c8e8ea26ccb90fc2477dcb70de6ce91/node_modules/@sveltejs/kit/src/runtime/client/client.js?v=0c5e908e:3387
[  586439ms] [ERROR] TypeError: Failed to fetch dynamically imported module: http://localhost:9898/.svelte-kit/generated/client/nodes/4.js?t=1787588378418 @ http://localhost:9898/@fs/Users/trentbrew/TURTLE/Projects/Sandbox/svelte-wc/app-builder/.svelte-kit/generated/client/app.js:40
[  587042ms] [ERROR] Failed to load resource: the server responded with a status of 500 (Internal Server Error) @ http://localhost:9898/src/lib/components/file-tree.svelte:0
[  587050ms] [ERROR] [vite] Internal Server Error
/Users/trentbrew/TURTLE/Projects/Sandbox/svelte-wc/app-builder/src/lib/components/file-tree.svelte:247:12 Unexpected end of input
https://svelte.dev/e/unexpected_eof

- Did you forget to add a lang attribute to your style tag?
- Did you forget to add a style preprocessor? See https://github.com/sveltejs/vite-plugin-svelte/blob/main/docs/preprocess.md for more information.
 @ http://localhost:9898/@vite/client:999
[  587095ms] [WARNING] The next HMR update will cause the page to reload @ http://localhost:9898/node_modules/.pnpm/@sveltejs+kit@2.65.1_@opentelemetry+api@1.9.1_@sveltejs+vite-plugin-svelte@5.1.1_svelte_3c8e8ea26ccb90fc2477dcb70de6ce91/node_modules/@sveltejs/kit/src/runtime/client/client.js?v=0c5e908e:3387
[  587096ms] [ERROR] TypeError: Failed to fetch dynamically imported module: http://localhost:9898/.svelte-kit/generated/client/nodes/4.js?t=1787588378418 @ http://localhost:9898/@fs/Users/trentbrew/TURTLE/Projects/Sandbox/svelte-wc/app-builder/.svelte-kit/generated/client/app.js:40
[  587690ms] [ERROR] Failed to load resource: the server responded with a status of 500 (Internal Server Error) @ http://localhost:9898/src/lib/components/file-tree.svelte:0
[  587730ms] [ERROR] [vite] Internal Server Error
/Users/trentbrew/TURTLE/Projects/Sandbox/svelte-wc/app-builder/src/lib/components/file-tree.svelte:247:12 Unexpected end of input
https://svelte.dev/e/unexpected_eof

- Did you forget to add a lang attribute to your style tag?
- Did you forget to add a style preprocessor? See https://github.com/sveltejs/vite-plugin-svelte/blob/main/docs/preprocess.md for more information.
 @ http://localhost:9898/@vite/client:999
[  587746ms] [WARNING] The next HMR update will cause the page to reload @ http://localhost:9898/node_modules/.pnpm/@sveltejs+kit@2.65.1_@opentelemetry+api@1.9.1_@sveltejs+vite-plugin-svelte@5.1.1_svelte_3c8e8ea26ccb90fc2477dcb70de6ce91/node_modules/@sveltejs/kit/src/runtime/client/client.js?v=0c5e908e:3387
[  587746ms] [ERROR] TypeError: Failed to fetch dynamically imported module: http://localhost:9898/.svelte-kit/generated/client/nodes/4.js?t=1787588383901 @ http://localhost:9898/@fs/Users/trentbrew/TURTLE/Projects/Sandbox/svelte-wc/app-builder/.svelte-kit/generated/client/app.js:40
[  588388ms] [ERROR] Failed to load resource: the server responded with a status of 500 (Internal Server Error) @ http://localhost:9898/src/lib/components/file-tree.svelte:0
[  588397ms] [ERROR] [vite] Internal Server Error
/Users/trentbrew/TURTLE/Projects/Sandbox/svelte-wc/app-builder/src/lib/components/file-tree.svelte:247:12 Unexpected end of input
https://svelte.dev/e/unexpected_eof

- Did you forget to add a lang attribute to your style tag?
- Did you forget to add a style preprocessor? See https://github.com/sveltejs/vite-plugin-svelte/blob/main/docs/preprocess.md for more information.
 @ http://localhost:9898/@vite/client:999
[  588446ms] [WARNING] The next HMR update will cause the page to reload @ http://localhost:9898/node_modules/.pnpm/@sveltejs+kit@2.65.1_@opentelemetry+api@1.9.1_@sveltejs+vite-plugin-svelte@5.1.1_svelte_3c8e8ea26ccb90fc2477dcb70de6ce91/node_modules/@sveltejs/kit/src/runtime/client/client.js?v=0c5e908e:3387
[  588446ms] [ERROR] TypeError: Failed to fetch dynamically imported module: http://localhost:9898/.svelte-kit/generated/client/nodes/4.js?t=1787588383901 @ http://localhost:9898/@fs/Users/trentbrew/TURTLE/Projects/Sandbox/svelte-wc/app-builder/.svelte-kit/generated/client/app.js:40
[  588943ms] [ERROR] Failed to load resource: the server responded with a status of 500 (Internal Server Error) @ http://localhost:9898/src/lib/components/file-tree.svelte:0
[  588948ms] [ERROR] [vite] Internal Server Error
/Users/trentbrew/TURTLE/Projects/Sandbox/svelte-wc/app-builder/src/lib/components/file-tree.svelte:247:12 Unexpected end of input
https://svelte.dev/e/unexpected_eof

- Did you forget to add a lang attribute to your style tag?
- Did you forget to add a style preprocessor? See https://github.com/sveltejs/vite-plugin-svelte/blob/main/docs/preprocess.md for more information.
 @ http://localhost:9898/@vite/client:999
[  588996ms] [WARNING] The next HMR update will cause the page to reload @ http://localhost:9898/node_modules/.pnpm/@sveltejs+kit@2.65.1_@opentelemetry+api@1.9.1_@sveltejs+vite-plugin-svelte@5.1.1_svelte_3c8e8ea26ccb90fc2477dcb70de6ce91/node_modules/@sveltejs/kit/src/runtime/client/client.js?v=0c5e908e:3387
[  588997ms] [ERROR] TypeError: Failed to fetch dynamically imported module: http://localhost:9898/.svelte-kit/generated/client/nodes/4.js?t=1787588383901 @ http://localhost:9898/@fs/Users/trentbrew/TURTLE/Projects/Sandbox/svelte-wc/app-builder/.svelte-kit/generated/client/app.js:40
[  589533ms] [ERROR] Failed to load resource: the server responded with a status of 500 (Internal Server Error) @ http://localhost:9898/src/lib/components/file-tree.svelte:0
[  589539ms] [ERROR] [vite] Internal Server Error
/Users/trentbrew/TURTLE/Projects/Sandbox/svelte-wc/app-builder/src/lib/components/file-tree.svelte:247:12 Unexpected end of input
https://svelte.dev/e/unexpected_eof

- Did you forget to add a lang attribute to your style tag?
- Did you forget to add a style preprocessor? See https://github.com/sveltejs/vite-plugin-svelte/blob/main/docs/preprocess.md for more information.
 @ http://localhost:9898/@vite/client:999
[  589585ms] [WARNING] The next HMR update will cause the page to reload @ http://localhost:9898/node_modules/.pnpm/@sveltejs+kit@2.65.1_@opentelemetry+api@1.9.1_@sveltejs+vite-plugin-svelte@5.1.1_svelte_3c8e8ea26ccb90fc2477dcb70de6ce91/node_modules/@sveltejs/kit/src/runtime/client/client.js?v=0c5e908e:3387
[  589585ms] [ERROR] TypeError: Failed to fetch dynamically imported module: http://localhost:9898/.svelte-kit/generated/client/nodes/4.js?t=1787588383901 @ http://localhost:9898/@fs/Users/trentbrew/TURTLE/Projects/Sandbox/svelte-wc/app-builder/.svelte-kit/generated/client/app.js:40
[  590067ms] [ERROR] Failed to load resource: the server responded with a status of 500 (Internal Server Error) @ http://localhost:9898/src/lib/components/file-tree.svelte:0
[  590073ms] [ERROR] [vite] Internal Server Error
/Users/trentbrew/TURTLE/Projects/Sandbox/svelte-wc/app-builder/src/lib/components/file-tree.svelte:247:12 Unexpected end of input
https://svelte.dev/e/unexpected_eof

- Did you forget to add a lang attribute to your style tag?
- Did you forget to add a style preprocessor? See https://github.com/sveltejs/vite-plugin-svelte/blob/main/docs/preprocess.md for more information.
 @ http://localhost:9898/@vite/client:999
[  590125ms] [WARNING] The next HMR update will cause the page to reload @ http://localhost:9898/node_modules/.pnpm/@sveltejs+kit@2.65.1_@opentelemetry+api@1.9.1_@sveltejs+vite-plugin-svelte@5.1.1_svelte_3c8e8ea26ccb90fc2477dcb70de6ce91/node_modules/@sveltejs/kit/src/runtime/client/client.js?v=0c5e908e:3387
[  590125ms] [ERROR] TypeError: Failed to fetch dynamically imported module: http://localhost:9898/.svelte-kit/generated/client/nodes/4.js?t=1787588383901 @ http://localhost:9898/@fs/Users/trentbrew/TURTLE/Projects/Sandbox/svelte-wc/app-builder/.svelte-kit/generated/client/app.js:40
[  590610ms] [ERROR] Failed to load resource: the server responded with a status of 500 (Internal Server Error) @ http://localhost:9898/src/lib/components/file-tree.svelte:0
[  590618ms] [ERROR] [vite] Internal Server Error
/Users/trentbrew/TURTLE/Projects/Sandbox/svelte-wc/app-builder/src/lib/components/file-tree.svelte:247:12 Unexpected end of input
https://svelte.dev/e/unexpected_eof

- Did you forget to add a lang attribute to your style tag?
- Did you forget to add a style preprocessor? See https://github.com/sveltejs/vite-plugin-svelte/blob/main/docs/preprocess.md for more information.
 @ http://localhost:9898/@vite/client:999
[  590666ms] [WARNING] The next HMR update will cause the page to reload @ http://localhost:9898/node_modules/.pnpm/@sveltejs+kit@2.65.1_@opentelemetry+api@1.9.1_@sveltejs+vite-plugin-svelte@5.1.1_svelte_3c8e8ea26ccb90fc2477dcb70de6ce91/node_modules/@sveltejs/kit/src/runtime/client/client.js?v=0c5e908e:3387
[  590666ms] [ERROR] TypeError: Failed to fetch dynamically imported module: http://localhost:9898/.svelte-kit/generated/client/nodes/4.js?t=1787588383901 @ http://localhost:9898/@fs/Users/trentbrew/TURTLE/Projects/Sandbox/svelte-wc/app-builder/.svelte-kit/generated/client/app.js:40
[  591327ms] [ERROR] Failed to load resource: the server responded with a status of 500 (Internal Server Error) @ http://localhost:9898/src/lib/components/file-tree.svelte:0
[  591340ms] [ERROR] [vite] Internal Server Error
/Users/trentbrew/TURTLE/Projects/Sandbox/svelte-wc/app-builder/src/lib/components/file-tree.svelte:247:12 Unexpected end of input
https://svelte.dev/e/unexpected_eof

- Did you forget to add a lang attribute to your style tag?
- Did you forget to add a style preprocessor? See https://github.com/sveltejs/vite-plugin-svelte/blob/main/docs/preprocess.md for more information.
 @ http://localhost:9898/@vite/client:999
[  591390ms] [WARNING] The next HMR update will cause the page to reload @ http://localhost:9898/node_modules/.pnpm/@sveltejs+kit@2.65.1_@opentelemetry+api@1.9.1_@sveltejs+vite-plugin-svelte@5.1.1_svelte_3c8e8ea26ccb90fc2477dcb70de6ce91/node_modules/@sveltejs/kit/src/runtime/client/client.js?v=0c5e908e:3387
[  591390ms] [ERROR] TypeError: Failed to fetch dynamically imported module: http://localhost:9898/.svelte-kit/generated/client/nodes/4.js?t=1787588383901 @ http://localhost:9898/@fs/Users/trentbrew/TURTLE/Projects/Sandbox/svelte-wc/app-builder/.svelte-kit/generated/client/app.js:40
[  591998ms] [ERROR] [vite] Internal Server Error
/Users/trentbrew/TURTLE/Projects/Sandbox/svelte-wc/app-builder/src/lib/components/file-tree.svelte:247:12 Unexpected end of input
https://svelte.dev/e/unexpected_eof

- Did you forget to add a lang attribute to your style tag?
- Did you forget to add a style preprocessor? See https://github.com/sveltejs/vite-plugin-svelte/blob/main/docs/preprocess.md for more information.
 @ http://localhost:9898/@vite/client:999
[  591998ms] [ERROR] Failed to load resource: the server responded with a status of 500 (Internal Server Error) @ http://localhost:9898/src/lib/components/file-tree.svelte:0
[  592056ms] [WARNING] The next HMR update will cause the page to reload @ http://localhost:9898/node_modules/.pnpm/@sveltejs+kit@2.65.1_@opentelemetry+api@1.9.1_@sveltejs+vite-plugin-svelte@5.1.1_svelte_3c8e8ea26ccb90fc2477dcb70de6ce91/node_modules/@sveltejs/kit/src/runtime/client/client.js?v=0c5e908e:3387
[  592056ms] [ERROR] TypeError: Failed to fetch dynamically imported module: http://localhost:9898/.svelte-kit/generated/client/nodes/4.js?t=1787588383901 @ http://localhost:9898/@fs/Users/trentbrew/TURTLE/Projects/Sandbox/svelte-wc/app-builder/.svelte-kit/generated/client/app.js:40
[  592657ms] [ERROR] Failed to load resource: the server responded with a status of 500 (Internal Server Error) @ http://localhost:9898/src/lib/components/file-tree.svelte:0
[  592666ms] [ERROR] [vite] Internal Server Error
/Users/trentbrew/TURTLE/Projects/Sandbox/svelte-wc/app-builder/src/lib/components/file-tree.svelte:247:12 Unexpected end of input
https://svelte.dev/e/unexpected_eof

- Did you forget to add a lang attribute to your style tag?
- Did you forget to add a style preprocessor? See https://github.com/sveltejs/vite-plugin-svelte/blob/main/docs/preprocess.md for more information.
 @ http://localhost:9898/@vite/client:999
[  592714ms] [WARNING] The next HMR update will cause the page to reload @ http://localhost:9898/node_modules/.pnpm/@sveltejs+kit@2.65.1_@opentelemetry+api@1.9.1_@sveltejs+vite-plugin-svelte@5.1.1_svelte_3c8e8ea26ccb90fc2477dcb70de6ce91/node_modules/@sveltejs/kit/src/runtime/client/client.js?v=0c5e908e:3387
[  592714ms] [ERROR] TypeError: Failed to fetch dynamically imported module: http://localhost:9898/.svelte-kit/generated/client/nodes/4.js?t=1787588383901 @ http://localhost:9898/@fs/Users/trentbrew/TURTLE/Projects/Sandbox/svelte-wc/app-builder/.svelte-kit/generated/client/app.js:40
[  593374ms] [ERROR] Failed to load resource: the server responded with a status of 500 (Internal Server Error) @ http://localhost:9898/src/lib/components/file-tree.svelte:0
[  593376ms] [ERROR] [vite] Internal Server Error
/Users/trentbrew/TURTLE/Projects/Sandbox/svelte-wc/app-builder/src/lib/components/file-tree.svelte:247:12 Unexpected end of input
https://svelte.dev/e/unexpected_eof

- Did you forget to add a lang attribute to your style tag?
- Did you forget to add a style preprocessor? See https://github.com/sveltejs/vite-plugin-svelte/blob/main/docs/preprocess.md for more information.
 @ http://localhost:9898/@vite/client:999
[  593413ms] [WARNING] The next HMR update will cause the page to reload @ http://localhost:9898/node_modules/.pnpm/@sveltejs+kit@2.65.1_@opentelemetry+api@1.9.1_@sveltejs+vite-plugin-svelte@5.1.1_svelte_3c8e8ea26ccb90fc2477dcb70de6ce91/node_modules/@sveltejs/kit/src/runtime/client/client.js?v=0c5e908e:3387
[  593414ms] [ERROR] TypeError: Failed to fetch dynamically imported module: http://localhost:9898/.svelte-kit/generated/client/nodes/4.js?t=1787588383901 @ http://localhost:9898/@fs/Users/trentbrew/TURTLE/Projects/Sandbox/svelte-wc/app-builder/.svelte-kit/generated/client/app.js:40
[  593892ms] [ERROR] Failed to load resource: the server responded with a status of 500 (Internal Server Error) @ http://localhost:9898/src/lib/components/file-tree.svelte:0
[  593900ms] [ERROR] [vite] Internal Server Error
/Users/trentbrew/TURTLE/Projects/Sandbox/svelte-wc/app-builder/src/lib/components/file-tree.svelte:247:12 Unexpected end of input
https://svelte.dev/e/unexpected_eof

- Did you forget to add a lang attribute to your style tag?
- Did you forget to add a style preprocessor? See https://github.com/sveltejs/vite-plugin-svelte/blob/main/docs/preprocess.md for more information.
 @ http://localhost:9898/@vite/client:999
[  593947ms] [WARNING] The next HMR update will cause the page to reload @ http://localhost:9898/node_modules/.pnpm/@sveltejs+kit@2.65.1_@opentelemetry+api@1.9.1_@sveltejs+vite-plugin-svelte@5.1.1_svelte_3c8e8ea26ccb90fc2477dcb70de6ce91/node_modules/@sveltejs/kit/src/runtime/client/client.js?v=0c5e908e:3387
[  593947ms] [ERROR] TypeError: Failed to fetch dynamically imported module: http://localhost:9898/.svelte-kit/generated/client/nodes/4.js?t=1787588383901 @ http://localhost:9898/@fs/Users/trentbrew/TURTLE/Projects/Sandbox/svelte-wc/app-builder/.svelte-kit/generated/client/app.js:40
[  594473ms] [ERROR] Failed to load resource: the server responded with a status of 500 (Internal Server Error) @ http://localhost:9898/src/lib/components/file-tree.svelte:0
[  594513ms] [ERROR] [vite] Internal Server Error
/Users/trentbrew/TURTLE/Projects/Sandbox/svelte-wc/app-builder/src/lib/components/file-tree.svelte:247:12 Unexpected end of input
https://svelte.dev/e/unexpected_eof

- Did you forget to add a lang attribute to your style tag?
- Did you forget to add a style preprocessor? See https://github.com/sveltejs/vite-plugin-svelte/blob/main/docs/preprocess.md for more information.
 @ http://localhost:9898/@vite/client:999
[  594527ms] [WARNING] The next HMR update will cause the page to reload @ http://localhost:9898/node_modules/.pnpm/@sveltejs+kit@2.65.1_@opentelemetry+api@1.9.1_@sveltejs+vite-plugin-svelte@5.1.1_svelte_3c8e8ea26ccb90fc2477dcb70de6ce91/node_modules/@sveltejs/kit/src/runtime/client/client.js?v=0c5e908e:3387
[  594527ms] [ERROR] TypeError: Failed to fetch dynamically imported module: http://localhost:9898/.svelte-kit/generated/client/nodes/4.js?t=1787588383901 @ http://localhost:9898/@fs/Users/trentbrew/TURTLE/Projects/Sandbox/svelte-wc/app-builder/.svelte-kit/generated/client/app.js:40
[  595018ms] [ERROR] Failed to load resource: the server responded with a status of 500 (Internal Server Error) @ http://localhost:9898/src/lib/components/file-tree.svelte:0
[  595025ms] [ERROR] [vite] Internal Server Error
/Users/trentbrew/TURTLE/Projects/Sandbox/svelte-wc/app-builder/src/lib/components/file-tree.svelte:247:12 Unexpected end of input
https://svelte.dev/e/unexpected_eof

- Did you forget to add a lang attribute to your style tag?
- Did you forget to add a style preprocessor? See https://github.com/sveltejs/vite-plugin-svelte/blob/main/docs/preprocess.md for more information.
 @ http://localhost:9898/@vite/client:999
[  595075ms] [WARNING] The next HMR update will cause the page to reload @ http://localhost:9898/node_modules/.pnpm/@sveltejs+kit@2.65.1_@opentelemetry+api@1.9.1_@sveltejs+vite-plugin-svelte@5.1.1_svelte_3c8e8ea26ccb90fc2477dcb70de6ce91/node_modules/@sveltejs/kit/src/runtime/client/client.js?v=0c5e908e:3387
[  595075ms] [ERROR] TypeError: Failed to fetch dynamically imported module: http://localhost:9898/.svelte-kit/generated/client/nodes/4.js?t=1787588383901 @ http://localhost:9898/@fs/Users/trentbrew/TURTLE/Projects/Sandbox/svelte-wc/app-builder/.svelte-kit/generated/client/app.js:40
[  595595ms] [ERROR] Failed to load resource: the server responded with a status of 500 (Internal Server Error) @ http://localhost:9898/src/lib/components/file-tree.svelte:0
[  595603ms] [ERROR] [vite] Internal Server Error
/Users/trentbrew/TURTLE/Projects/Sandbox/svelte-wc/app-builder/src/lib/components/file-tree.svelte:247:12 Unexpected end of input
https://svelte.dev/e/unexpected_eof

- Did you forget to add a lang attribute to your style tag?
- Did you forget to add a style preprocessor? See https://github.com/sveltejs/vite-plugin-svelte/blob/main/docs/preprocess.md for more information.
 @ http://localhost:9898/@vite/client:999
[  595652ms] [WARNING] The next HMR update will cause the page to reload @ http://localhost:9898/node_modules/.pnpm/@sveltejs+kit@2.65.1_@opentelemetry+api@1.9.1_@sveltejs+vite-plugin-svelte@5.1.1_svelte_3c8e8ea26ccb90fc2477dcb70de6ce91/node_modules/@sveltejs/kit/src/runtime/client/client.js?v=0c5e908e:3387
[  595652ms] [ERROR] TypeError: Failed to fetch dynamically imported module: http://localhost:9898/.svelte-kit/generated/client/nodes/4.js?t=1787588383901 @ http://localhost:9898/@fs/Users/trentbrew/TURTLE/Projects/Sandbox/svelte-wc/app-builder/.svelte-kit/generated/client/app.js:40
[  596171ms] [ERROR] Failed to load resource: the server responded with a status of 500 (Internal Server Error) @ http://localhost:9898/src/lib/components/file-tree.svelte:0
[  596210ms] [ERROR] [vite] Internal Server Error
/Users/trentbrew/TURTLE/Projects/Sandbox/svelte-wc/app-builder/src/lib/components/file-tree.svelte:247:12 Unexpected end of input
https://svelte.dev/e/unexpected_eof

- Did you forget to add a lang attribute to your style tag?
- Did you forget to add a style preprocessor? See https://github.com/sveltejs/vite-plugin-svelte/blob/main/docs/preprocess.md for more information.
 @ http://localhost:9898/@vite/client:999
[  596229ms] [WARNING] The next HMR update will cause the page to reload @ http://localhost:9898/node_modules/.pnpm/@sveltejs+kit@2.65.1_@opentelemetry+api@1.9.1_@sveltejs+vite-plugin-svelte@5.1.1_svelte_3c8e8ea26ccb90fc2477dcb70de6ce91/node_modules/@sveltejs/kit/src/runtime/client/client.js?v=0c5e908e:3387
[  596230ms] [ERROR] TypeError: Failed to fetch dynamically imported module: http://localhost:9898/.svelte-kit/generated/client/nodes/4.js?t=1787588383901 @ http://localhost:9898/@fs/Users/trentbrew/TURTLE/Projects/Sandbox/svelte-wc/app-builder/.svelte-kit/generated/client/app.js:40
[  596868ms] [ERROR] Failed to load resource: the server responded with a status of 500 (Internal Server Error) @ http://localhost:9898/src/lib/components/file-tree.svelte:0
[  596877ms] [ERROR] [vite] Internal Server Error
/Users/trentbrew/TURTLE/Projects/Sandbox/svelte-wc/app-builder/src/lib/components/file-tree.svelte:247:12 Unexpected end of input
https://svelte.dev/e/unexpected_eof

- Did you forget to add a lang attribute to your style tag?
- Did you forget to add a style preprocessor? See https://github.com/sveltejs/vite-plugin-svelte/blob/main/docs/preprocess.md for more information.
 @ http://localhost:9898/@vite/client:999
[  596935ms] [WARNING] The next HMR update will cause the page to reload @ http://localhost:9898/node_modules/.pnpm/@sveltejs+kit@2.65.1_@opentelemetry+api@1.9.1_@sveltejs+vite-plugin-svelte@5.1.1_svelte_3c8e8ea26ccb90fc2477dcb70de6ce91/node_modules/@sveltejs/kit/src/runtime/client/client.js?v=0c5e908e:3387
[  596936ms] [ERROR] TypeError: Failed to fetch dynamically imported module: http://localhost:9898/.svelte-kit/generated/client/nodes/4.js?t=1787588383901 @ http://localhost:9898/@fs/Users/trentbrew/TURTLE/Projects/Sandbox/svelte-wc/app-builder/.svelte-kit/generated/client/app.js:40
[  597467ms] [ERROR] Failed to load resource: the server responded with a status of 500 (Internal Server Error) @ http://localhost:9898/src/lib/components/file-tree.svelte:0
[  597509ms] [ERROR] [vite] Internal Server Error
/Users/trentbrew/TURTLE/Projects/Sandbox/svelte-wc/app-builder/src/lib/components/file-tree.svelte:247:12 Unexpected end of input
https://svelte.dev/e/unexpected_eof

- Did you forget to add a lang attribute to your style tag?
- Did you forget to add a style preprocessor? See https://github.com/sveltejs/vite-plugin-svelte/blob/main/docs/preprocess.md for more information.
 @ http://localhost:9898/@vite/client:999
[  597527ms] [WARNING] The next HMR update will cause the page to reload @ http://localhost:9898/node_modules/.pnpm/@sveltejs+kit@2.65.1_@opentelemetry+api@1.9.1_@sveltejs+vite-plugin-svelte@5.1.1_svelte_3c8e8ea26ccb90fc2477dcb70de6ce91/node_modules/@sveltejs/kit/src/runtime/client/client.js?v=0c5e908e:3387
[  597528ms] [ERROR] TypeError: Failed to fetch dynamically imported module: http://localhost:9898/.svelte-kit/generated/client/nodes/4.js?t=1787588383901 @ http://localhost:9898/@fs/Users/trentbrew/TURTLE/Projects/Sandbox/svelte-wc/app-builder/.svelte-kit/generated/client/app.js:40
[  598301ms] [ERROR] Failed to load resource: the server responded with a status of 500 (Internal Server Error) @ http://localhost:9898/src/lib/components/file-tree.svelte:0
[  598343ms] [ERROR] [vite] Internal Server Error
/Users/trentbrew/TURTLE/Projects/Sandbox/svelte-wc/app-builder/src/lib/components/file-tree.svelte:247:12 Unexpected end of input
https://svelte.dev/e/unexpected_eof

- Did you forget to add a lang attribute to your style tag?
- Did you forget to add a style preprocessor? See https://github.com/sveltejs/vite-plugin-svelte/blob/main/docs/preprocess.md for more information.
 @ http://localhost:9898/@vite/client:999
[  598377ms] [WARNING] The next HMR update will cause the page to reload @ http://localhost:9898/node_modules/.pnpm/@sveltejs+kit@2.65.1_@opentelemetry+api@1.9.1_@sveltejs+vite-plugin-svelte@5.1.1_svelte_3c8e8ea26ccb90fc2477dcb70de6ce91/node_modules/@sveltejs/kit/src/runtime/client/client.js?v=0c5e908e:3387
[  598377ms] [ERROR] TypeError: Failed to fetch dynamically imported module: http://localhost:9898/.svelte-kit/generated/client/nodes/4.js?t=1787588383901 @ http://localhost:9898/@fs/Users/trentbrew/TURTLE/Projects/Sandbox/svelte-wc/app-builder/.svelte-kit/generated/client/app.js:40
[  598980ms] [ERROR] Failed to load resource: the server responded with a status of 500 (Internal Server Error) @ http://localhost:9898/src/lib/components/file-tree.svelte:0
[  598985ms] [ERROR] [vite] Internal Server Error
/Users/trentbrew/TURTLE/Projects/Sandbox/svelte-wc/app-builder/src/lib/components/file-tree.svelte:247:12 Unexpected end of input
https://svelte.dev/e/unexpected_eof

- Did you forget to add a lang attribute to your style tag?
- Did you forget to add a style preprocessor? See https://github.com/sveltejs/vite-plugin-svelte/blob/main/docs/preprocess.md for more information.
 @ http://localhost:9898/@vite/client:999
[  599032ms] [WARNING] The next HMR update will cause the page to reload @ http://localhost:9898/node_modules/.pnpm/@sveltejs+kit@2.65.1_@opentelemetry+api@1.9.1_@sveltejs+vite-plugin-svelte@5.1.1_svelte_3c8e8ea26ccb90fc2477dcb70de6ce91/node_modules/@sveltejs/kit/src/runtime/client/client.js?v=0c5e908e:3387
[  599032ms] [ERROR] TypeError: Failed to fetch dynamically imported module: http://localhost:9898/.svelte-kit/generated/client/nodes/4.js?t=1787588383901 @ http://localhost:9898/@fs/Users/trentbrew/TURTLE/Projects/Sandbox/svelte-wc/app-builder/.svelte-kit/generated/client/app.js:40
[  599625ms] [ERROR] Failed to load resource: the server responded with a status of 500 (Internal Server Error) @ http://localhost:9898/src/lib/components/file-tree.svelte:0
[  599663ms] [ERROR] [vite] Internal Server Error
/Users/trentbrew/TURTLE/Projects/Sandbox/svelte-wc/app-builder/src/lib/components/file-tree.svelte:247:12 Unexpected end of input
https://svelte.dev/e/unexpected_eof

- Did you forget to add a lang attribute to your style tag?
- Did you forget to add a style preprocessor? See https://github.com/sveltejs/vite-plugin-svelte/blob/main/docs/preprocess.md for more information.
 @ http://localhost:9898/@vite/client:999
[  599682ms] [WARNING] The next HMR update will cause the page to reload @ http://localhost:9898/node_modules/.pnpm/@sveltejs+kit@2.65.1_@opentelemetry+api@1.9.1_@sveltejs+vite-plugin-svelte@5.1.1_svelte_3c8e8ea26ccb90fc2477dcb70de6ce91/node_modules/@sveltejs/kit/src/runtime/client/client.js?v=0c5e908e:3387
[  599683ms] [ERROR] TypeError: Failed to fetch dynamically imported module: http://localhost:9898/.svelte-kit/generated/client/nodes/4.js?t=1787588383901 @ http://localhost:9898/@fs/Users/trentbrew/TURTLE/Projects/Sandbox/svelte-wc/app-builder/.svelte-kit/generated/client/app.js:40
[  600277ms] [ERROR] Failed to load resource: the server responded with a status of 500 (Internal Server Error) @ http://localhost:9898/src/lib/components/file-tree.svelte:0
[  600282ms] [ERROR] [vite] Internal Server Error
/Users/trentbrew/TURTLE/Projects/Sandbox/svelte-wc/app-builder/src/lib/components/file-tree.svelte:247:12 Unexpected end of input
https://svelte.dev/e/unexpected_eof

- Did you forget to add a lang attribute to your style tag?
- Did you forget to add a style preprocessor? See https://github.com/sveltejs/vite-plugin-svelte/blob/main/docs/preprocess.md for more information.
 @ http://localhost:9898/@vite/client:999
[  600335ms] [WARNING] The next HMR update will cause the page to reload @ http://localhost:9898/node_modules/.pnpm/@sveltejs+kit@2.65.1_@opentelemetry+api@1.9.1_@sveltejs+vite-plugin-svelte@5.1.1_svelte_3c8e8ea26ccb90fc2477dcb70de6ce91/node_modules/@sveltejs/kit/src/runtime/client/client.js?v=0c5e908e:3387
[  600335ms] [ERROR] TypeError: Failed to fetch dynamically imported module: http://localhost:9898/.svelte-kit/generated/client/nodes/4.js?t=1787588383901 @ http://localhost:9898/@fs/Users/trentbrew/TURTLE/Projects/Sandbox/svelte-wc/app-builder/.svelte-kit/generated/client/app.js:40
[  600954ms] [ERROR] Failed to load resource: the server responded with a status of 500 (Internal Server Error) @ http://localhost:9898/src/lib/components/file-tree.svelte:0
[  600958ms] [ERROR] [vite] Internal Server Error
/Users/trentbrew/TURTLE/Projects/Sandbox/svelte-wc/app-builder/src/lib/components/file-tree.svelte:247:12 Unexpected end of input
https://svelte.dev/e/unexpected_eof

- Did you forget to add a lang attribute to your style tag?
- Did you forget to add a style preprocessor? See https://github.com/sveltejs/vite-plugin-svelte/blob/main/docs/preprocess.md for more information.
 @ http://localhost:9898/@vite/client:999
[  601007ms] [WARNING] The next HMR update will cause the page to reload @ http://localhost:9898/node_modules/.pnpm/@sveltejs+kit@2.65.1_@opentelemetry+api@1.9.1_@sveltejs+vite-plugin-svelte@5.1.1_svelte_3c8e8ea26ccb90fc2477dcb70de6ce91/node_modules/@sveltejs/kit/src/runtime/client/client.js?v=0c5e908e:3387
[  601007ms] [ERROR] TypeError: Failed to fetch dynamically imported module: http://localhost:9898/.svelte-kit/generated/client/nodes/4.js?t=1787588383901 @ http://localhost:9898/@fs/Users/trentbrew/TURTLE/Projects/Sandbox/svelte-wc/app-builder/.svelte-kit/generated/client/app.js:40
[  601469ms] [ERROR] Failed to load resource: the server responded with a status of 500 (Internal Server Error) @ http://localhost:9898/src/lib/components/file-tree.svelte:0
[  601474ms] [ERROR] [vite] Internal Server Error
/Users/trentbrew/TURTLE/Projects/Sandbox/svelte-wc/app-builder/src/lib/components/file-tree.svelte:247:12 Unexpected end of input
https://svelte.dev/e/unexpected_eof

- Did you forget to add a lang attribute to your style tag?
- Did you forget to add a style preprocessor? See https://github.com/sveltejs/vite-plugin-svelte/blob/main/docs/preprocess.md for more information.
 @ http://localhost:9898/@vite/client:999
[  601521ms] [WARNING] The next HMR update will cause the page to reload @ http://localhost:9898/node_modules/.pnpm/@sveltejs+kit@2.65.1_@opentelemetry+api@1.9.1_@sveltejs+vite-plugin-svelte@5.1.1_svelte_3c8e8ea26ccb90fc2477dcb70de6ce91/node_modules/@sveltejs/kit/src/runtime/client/client.js?v=0c5e908e:3387
[  601521ms] [ERROR] TypeError: Failed to fetch dynamically imported module: http://localhost:9898/.svelte-kit/generated/client/nodes/4.js?t=1787588383901 @ http://localhost:9898/@fs/Users/trentbrew/TURTLE/Projects/Sandbox/svelte-wc/app-builder/.svelte-kit/generated/client/app.js:40
[  602159ms] [ERROR] Failed to load resource: the server responded with a status of 500 (Internal Server Error) @ http://localhost:9898/src/lib/components/file-tree.svelte:0
[  602170ms] [ERROR] [vite] Internal Server Error
/Users/trentbrew/TURTLE/Projects/Sandbox/svelte-wc/app-builder/src/lib/components/file-tree.svelte:247:12 Unexpected end of input
https://svelte.dev/e/unexpected_eof

- Did you forget to add a lang attribute to your style tag?
- Did you forget to add a style preprocessor? See https://github.com/sveltejs/vite-plugin-svelte/blob/main/docs/preprocess.md for more information.
 @ http://localhost:9898/@vite/client:999
[  602217ms] [WARNING] The next HMR update will cause the page to reload @ http://localhost:9898/node_modules/.pnpm/@sveltejs+kit@2.65.1_@opentelemetry+api@1.9.1_@sveltejs+vite-plugin-svelte@5.1.1_svelte_3c8e8ea26ccb90fc2477dcb70de6ce91/node_modules/@sveltejs/kit/src/runtime/client/client.js?v=0c5e908e:3387
[  602218ms] [ERROR] TypeError: Failed to fetch dynamically imported module: http://localhost:9898/.svelte-kit/generated/client/nodes/4.js?t=1787588383901 @ http://localhost:9898/@fs/Users/trentbrew/TURTLE/Projects/Sandbox/svelte-wc/app-builder/.svelte-kit/generated/client/app.js:40
[  602740ms] [ERROR] Failed to load resource: the server responded with a status of 500 (Internal Server Error) @ http://localhost:9898/src/lib/components/file-tree.svelte:0
[  602748ms] [ERROR] [vite] Internal Server Error
/Users/trentbrew/TURTLE/Projects/Sandbox/svelte-wc/app-builder/src/lib/components/file-tree.svelte:247:12 Unexpected end of input
https://svelte.dev/e/unexpected_eof

- Did you forget to add a lang attribute to your style tag?
- Did you forget to add a style preprocessor? See https://github.com/sveltejs/vite-plugin-svelte/blob/main/docs/preprocess.md for more information.
 @ http://localhost:9898/@vite/client:999
[  602795ms] [WARNING] The next HMR update will cause the page to reload @ http://localhost:9898/node_modules/.pnpm/@sveltejs+kit@2.65.1_@opentelemetry+api@1.9.1_@sveltejs+vite-plugin-svelte@5.1.1_svelte_3c8e8ea26ccb90fc2477dcb70de6ce91/node_modules/@sveltejs/kit/src/runtime/client/client.js?v=0c5e908e:3387
[  602795ms] [ERROR] TypeError: Failed to fetch dynamically imported module: http://localhost:9898/.svelte-kit/generated/client/nodes/4.js?t=1787588383901 @ http://localhost:9898/@fs/Users/trentbrew/TURTLE/Projects/Sandbox/svelte-wc/app-builder/.svelte-kit/generated/client/app.js:40
[  603441ms] [ERROR] Failed to load resource: the server responded with a status of 500 (Internal Server Error) @ http://localhost:9898/src/lib/components/file-tree.svelte:0
[  603486ms] [ERROR] [vite] Internal Server Error
/Users/trentbrew/TURTLE/Projects/Sandbox/svelte-wc/app-builder/src/lib/components/file-tree.svelte:247:12 Unexpected end of input
https://svelte.dev/e/unexpected_eof

- Did you forget to add a lang attribute to your style tag?
- Did you forget to add a style preprocessor? See https://github.com/sveltejs/vite-plugin-svelte/blob/main/docs/preprocess.md for more information.
 @ http://localhost:9898/@vite/client:999
[  603518ms] [WARNING] The next HMR update will cause the page to reload @ http://localhost:9898/node_modules/.pnpm/@sveltejs+kit@2.65.1_@opentelemetry+api@1.9.1_@sveltejs+vite-plugin-svelte@5.1.1_svelte_3c8e8ea26ccb90fc2477dcb70de6ce91/node_modules/@sveltejs/kit/src/runtime/client/client.js?v=0c5e908e:3387
[  603518ms] [ERROR] TypeError: Failed to fetch dynamically imported module: http://localhost:9898/.svelte-kit/generated/client/nodes/4.js?t=1787588383901 @ http://localhost:9898/@fs/Users/trentbrew/TURTLE/Projects/Sandbox/svelte-wc/app-builder/.svelte-kit/generated/client/app.js:40
[  604006ms] [ERROR] Failed to load resource: the server responded with a status of 500 (Internal Server Error) @ http://localhost:9898/src/lib/components/file-tree.svelte:0
[  604009ms] [ERROR] [vite] Internal Server Error
/Users/trentbrew/TURTLE/Projects/Sandbox/svelte-wc/app-builder/src/lib/components/file-tree.svelte:247:12 Unexpected end of input
https://svelte.dev/e/unexpected_eof

- Did you forget to add a lang attribute to your style tag?
- Did you forget to add a style preprocessor? See https://github.com/sveltejs/vite-plugin-svelte/blob/main/docs/preprocess.md for more information.
 @ http://localhost:9898/@vite/client:999
[  604076ms] [WARNING] The next HMR update will cause the page to reload @ http://localhost:9898/node_modules/.pnpm/@sveltejs+kit@2.65.1_@opentelemetry+api@1.9.1_@sveltejs+vite-plugin-svelte@5.1.1_svelte_3c8e8ea26ccb90fc2477dcb70de6ce91/node_modules/@sveltejs/kit/src/runtime/client/client.js?v=0c5e908e:3387
[  604076ms] [ERROR] TypeError: Failed to fetch dynamically imported module: http://localhost:9898/.svelte-kit/generated/client/nodes/4.js?t=1787588383901 @ http://localhost:9898/@fs/Users/trentbrew/TURTLE/Projects/Sandbox/svelte-wc/app-builder/.svelte-kit/generated/client/app.js:40
[  604611ms] [ERROR] Failed to load resource: the server responded with a status of 500 (Internal Server Error) @ http://localhost:9898/src/lib/components/file-tree.svelte:0
[  604616ms] [ERROR] [vite] Internal Server Error
/Users/trentbrew/TURTLE/Projects/Sandbox/svelte-wc/app-builder/src/lib/components/file-tree.svelte:247:12 Unexpected end of input
https://svelte.dev/e/unexpected_eof

- Did you forget to add a lang attribute to your style tag?
- Did you forget to add a style preprocessor? See https://github.com/sveltejs/vite-plugin-svelte/blob/main/docs/preprocess.md for more information.
 @ http://localhost:9898/@vite/client:999
[  604648ms] [WARNING] The next HMR update will cause the page to reload @ http://localhost:9898/node_modules/.pnpm/@sveltejs+kit@2.65.1_@opentelemetry+api@1.9.1_@sveltejs+vite-plugin-svelte@5.1.1_svelte_3c8e8ea26ccb90fc2477dcb70de6ce91/node_modules/@sveltejs/kit/src/runtime/client/client.js?v=0c5e908e:3387
[  604648ms] [ERROR] TypeError: Failed to fetch dynamically imported module: http://localhost:9898/.svelte-kit/generated/client/nodes/4.js?t=1787588383901 @ http://localhost:9898/@fs/Users/trentbrew/TURTLE/Projects/Sandbox/svelte-wc/app-builder/.svelte-kit/generated/client/app.js:40
[  605054ms] [ERROR] Failed to load resource: the server responded with a status of 500 (Internal Server Error) @ http://localhost:9898/src/lib/components/file-tree.svelte:0
[  605061ms] [ERROR] [vite] Internal Server Error
/Users/trentbrew/TURTLE/Projects/Sandbox/svelte-wc/app-builder/src/lib/components/file-tree.svelte:247:12 Unexpected end of input
https://svelte.dev/e/unexpected_eof

- Did you forget to add a lang attribute to your style tag?
- Did you forget to add a style preprocessor? See https://github.com/sveltejs/vite-plugin-svelte/blob/main/docs/preprocess.md for more information.
 @ http://localhost:9898/@vite/client:999
[  605107ms] [WARNING] The next HMR update will cause the page to reload @ http://localhost:9898/node_modules/.pnpm/@sveltejs+kit@2.65.1_@opentelemetry+api@1.9.1_@sveltejs+vite-plugin-svelte@5.1.1_svelte_3c8e8ea26ccb90fc2477dcb70de6ce91/node_modules/@sveltejs/kit/src/runtime/client/client.js?v=0c5e908e:3387
[  605107ms] [ERROR] TypeError: Failed to fetch dynamically imported module: http://localhost:9898/.svelte-kit/generated/client/nodes/4.js?t=1787588383901 @ http://localhost:9898/@fs/Users/trentbrew/TURTLE/Projects/Sandbox/svelte-wc/app-builder/.svelte-kit/generated/client/app.js:40
[  605606ms] [ERROR] Failed to load resource: the server responded with a status of 500 (Internal Server Error) @ http://localhost:9898/src/lib/components/file-tree.svelte:0
[  605613ms] [ERROR] [vite] Internal Server Error
/Users/trentbrew/TURTLE/Projects/Sandbox/svelte-wc/app-builder/src/lib/components/file-tree.svelte:247:12 Unexpected end of input
https://svelte.dev/e/unexpected_eof

- Did you forget to add a lang attribute to your style tag?
- Did you forget to add a style preprocessor? See https://github.com/sveltejs/vite-plugin-svelte/blob/main/docs/preprocess.md for more information.
 @ http://localhost:9898/@vite/client:999
[  605661ms] [WARNING] The next HMR update will cause the page to reload @ http://localhost:9898/node_modules/.pnpm/@sveltejs+kit@2.65.1_@opentelemetry+api@1.9.1_@sveltejs+vite-plugin-svelte@5.1.1_svelte_3c8e8ea26ccb90fc2477dcb70de6ce91/node_modules/@sveltejs/kit/src/runtime/client/client.js?v=0c5e908e:3387
[  605661ms] [ERROR] TypeError: Failed to fetch dynamically imported module: http://localhost:9898/.svelte-kit/generated/client/nodes/4.js?t=1787588383901 @ http://localhost:9898/@fs/Users/trentbrew/TURTLE/Projects/Sandbox/svelte-wc/app-builder/.svelte-kit/generated/client/app.js:40
[  606105ms] [ERROR] Failed to load resource: the server responded with a status of 500 (Internal Server Error) @ http://localhost:9898/src/lib/components/file-tree.svelte:0
[  606113ms] [ERROR] [vite] Internal Server Error
/Users/trentbrew/TURTLE/Projects/Sandbox/svelte-wc/app-builder/src/lib/components/file-tree.svelte:247:12 Unexpected end of input
https://svelte.dev/e/unexpected_eof

- Did you forget to add a lang attribute to your style tag?
- Did you forget to add a style preprocessor? See https://github.com/sveltejs/vite-plugin-svelte/blob/main/docs/preprocess.md for more information.
 @ http://localhost:9898/@vite/client:999
[  606159ms] [WARNING] The next HMR update will cause the page to reload @ http://localhost:9898/node_modules/.pnpm/@sveltejs+kit@2.65.1_@opentelemetry+api@1.9.1_@sveltejs+vite-plugin-svelte@5.1.1_svelte_3c8e8ea26ccb90fc2477dcb70de6ce91/node_modules/@sveltejs/kit/src/runtime/client/client.js?v=0c5e908e:3387
[  606160ms] [ERROR] TypeError: Failed to fetch dynamically imported module: http://localhost:9898/.svelte-kit/generated/client/nodes/4.js?t=1787588383901 @ http://localhost:9898/@fs/Users/trentbrew/TURTLE/Projects/Sandbox/svelte-wc/app-builder/.svelte-kit/generated/client/app.js:40
[  606944ms] [ERROR] Failed to load resource: the server responded with a status of 500 (Internal Server Error) @ http://localhost:9898/src/lib/components/file-tree.svelte:0
[  606982ms] [ERROR] [vite] Internal Server Error
/Users/trentbrew/TURTLE/Projects/Sandbox/svelte-wc/app-builder/src/lib/components/file-tree.svelte:247:12 Unexpected end of input
https://svelte.dev/e/unexpected_eof

- Did you forget to add a lang attribute to your style tag?
- Did you forget to add a style preprocessor? See https://github.com/sveltejs/vite-plugin-svelte/blob/main/docs/preprocess.md for more information.
 @ http://localhost:9898/@vite/client:999
[  606997ms] [WARNING] The next HMR update will cause the page to reload @ http://localhost:9898/node_modules/.pnpm/@sveltejs+kit@2.65.1_@opentelemetry+api@1.9.1_@sveltejs+vite-plugin-svelte@5.1.1_svelte_3c8e8ea26ccb90fc2477dcb70de6ce91/node_modules/@sveltejs/kit/src/runtime/client/client.js?v=0c5e908e:3387
[  606997ms] [ERROR] TypeError: Failed to fetch dynamically imported module: http://localhost:9898/.svelte-kit/generated/client/nodes/4.js?t=1787588383901 @ http://localhost:9898/@fs/Users/trentbrew/TURTLE/Projects/Sandbox/svelte-wc/app-builder/.svelte-kit/generated/client/app.js:40
[  607537ms] [ERROR] Failed to load resource: the server responded with a status of 500 (Internal Server Error) @ http://localhost:9898/src/lib/components/file-tree.svelte:0
[  607541ms] [ERROR] [vite] Internal Server Error
/Users/trentbrew/TURTLE/Projects/Sandbox/svelte-wc/app-builder/src/lib/components/file-tree.svelte:247:12 Unexpected end of input
https://svelte.dev/e/unexpected_eof

- Did you forget to add a lang attribute to your style tag?
- Did you forget to add a style preprocessor? See https://github.com/sveltejs/vite-plugin-svelte/blob/main/docs/preprocess.md for more information.
 @ http://localhost:9898/@vite/client:999
[  607590ms] [WARNING] The next HMR update will cause the page to reload @ http://localhost:9898/node_modules/.pnpm/@sveltejs+kit@2.65.1_@opentelemetry+api@1.9.1_@sveltejs+vite-plugin-svelte@5.1.1_svelte_3c8e8ea26ccb90fc2477dcb70de6ce91/node_modules/@sveltejs/kit/src/runtime/client/client.js?v=0c5e908e:3387
[  607590ms] [ERROR] TypeError: Failed to fetch dynamically imported module: http://localhost:9898/.svelte-kit/generated/client/nodes/4.js?t=1787588402982 @ http://localhost:9898/@fs/Users/trentbrew/TURTLE/Projects/Sandbox/svelte-wc/app-builder/.svelte-kit/generated/client/app.js:40
[  608227ms] [ERROR] Failed to load resource: the server responded with a status of 500 (Internal Server Error) @ http://localhost:9898/src/lib/components/file-tree.svelte:0
[  608262ms] [ERROR] [vite] Internal Server Error
/Users/trentbrew/TURTLE/Projects/Sandbox/svelte-wc/app-builder/src/lib/components/file-tree.svelte:247:12 Unexpected end of input
https://svelte.dev/e/unexpected_eof

- Did you forget to add a lang attribute to your style tag?
- Did you forget to add a style preprocessor? See https://github.com/sveltejs/vite-plugin-svelte/blob/main/docs/preprocess.md for more information.
 @ http://localhost:9898/@vite/client:999
[  608332ms] [WARNING] The next HMR update will cause the page to reload @ http://localhost:9898/node_modules/.pnpm/@sveltejs+kit@2.65.1_@opentelemetry+api@1.9.1_@sveltejs+vite-plugin-svelte@5.1.1_svelte_3c8e8ea26ccb90fc2477dcb70de6ce91/node_modules/@sveltejs/kit/src/runtime/client/client.js?v=0c5e908e:3387
[  608332ms] [ERROR] TypeError: Failed to fetch dynamically imported module: http://localhost:9898/.svelte-kit/generated/client/nodes/4.js?t=1787588402982 @ http://localhost:9898/@fs/Users/trentbrew/TURTLE/Projects/Sandbox/svelte-wc/app-builder/.svelte-kit/generated/client/app.js:40
[  608764ms] [ERROR] Failed to load resource: the server responded with a status of 500 (Internal Server Error) @ http://localhost:9898/src/lib/components/file-tree.svelte:0
[  608772ms] [ERROR] [vite] Internal Server Error
/Users/trentbrew/TURTLE/Projects/Sandbox/svelte-wc/app-builder/src/lib/components/file-tree.svelte:247:12 Unexpected end of input
https://svelte.dev/e/unexpected_eof

- Did you forget to add a lang attribute to your style tag?
- Did you forget to add a style preprocessor? See https://github.com/sveltejs/vite-plugin-svelte/blob/main/docs/preprocess.md for more information.
 @ http://localhost:9898/@vite/client:999
[  608819ms] [WARNING] The next HMR update will cause the page to reload @ http://localhost:9898/node_modules/.pnpm/@sveltejs+kit@2.65.1_@opentelemetry+api@1.9.1_@sveltejs+vite-plugin-svelte@5.1.1_svelte_3c8e8ea26ccb90fc2477dcb70de6ce91/node_modules/@sveltejs/kit/src/runtime/client/client.js?v=0c5e908e:3387
[  608820ms] [ERROR] TypeError: Failed to fetch dynamically imported module: http://localhost:9898/.svelte-kit/generated/client/nodes/4.js?t=1787588402982 @ http://localhost:9898/@fs/Users/trentbrew/TURTLE/Projects/Sandbox/svelte-wc/app-builder/.svelte-kit/generated/client/app.js:40
[  609280ms] [ERROR] Failed to load resource: the server responded with a status of 500 (Internal Server Error) @ http://localhost:9898/src/lib/components/file-tree.svelte:0
[  609290ms] [ERROR] [vite] Internal Server Error
/Users/trentbrew/TURTLE/Projects/Sandbox/svelte-wc/app-builder/src/lib/components/file-tree.svelte:247:12 Unexpected end of input
https://svelte.dev/e/unexpected_eof

- Did you forget to add a lang attribute to your style tag?
- Did you forget to add a style preprocessor? See https://github.com/sveltejs/vite-plugin-svelte/blob/main/docs/preprocess.md for more information.
 @ http://localhost:9898/@vite/client:999
[  609363ms] [WARNING] The next HMR update will cause the page to reload @ http://localhost:9898/node_modules/.pnpm/@sveltejs+kit@2.65.1_@opentelemetry+api@1.9.1_@sveltejs+vite-plugin-svelte@5.1.1_svelte_3c8e8ea26ccb90fc2477dcb70de6ce91/node_modules/@sveltejs/kit/src/runtime/client/client.js?v=0c5e908e:3387
[  609363ms] [ERROR] TypeError: Failed to fetch dynamically imported module: http://localhost:9898/.svelte-kit/generated/client/nodes/4.js?t=1787588402982 @ http://localhost:9898/@fs/Users/trentbrew/TURTLE/Projects/Sandbox/svelte-wc/app-builder/.svelte-kit/generated/client/app.js:40
[  609996ms] [ERROR] Failed to load resource: the server responded with a status of 500 (Internal Server Error) @ http://localhost:9898/src/lib/components/file-tree.svelte:0
[  610001ms] [ERROR] [vite] Internal Server Error
/Users/trentbrew/TURTLE/Projects/Sandbox/svelte-wc/app-builder/src/lib/components/file-tree.svelte:247:12 Unexpected end of input
https://svelte.dev/e/unexpected_eof

- Did you forget to add a lang attribute to your style tag?
- Did you forget to add a style preprocessor? See https://github.com/sveltejs/vite-plugin-svelte/blob/main/docs/preprocess.md for more information.
 @ http://localhost:9898/@vite/client:999
[  610048ms] [WARNING] The next HMR update will cause the page to reload @ http://localhost:9898/node_modules/.pnpm/@sveltejs+kit@2.65.1_@opentelemetry+api@1.9.1_@sveltejs+vite-plugin-svelte@5.1.1_svelte_3c8e8ea26ccb90fc2477dcb70de6ce91/node_modules/@sveltejs/kit/src/runtime/client/client.js?v=0c5e908e:3387
[  610048ms] [ERROR] TypeError: Failed to fetch dynamically imported module: http://localhost:9898/.svelte-kit/generated/client/nodes/4.js?t=1787588402982 @ http://localhost:9898/@fs/Users/trentbrew/TURTLE/Projects/Sandbox/svelte-wc/app-builder/.svelte-kit/generated/client/app.js:40
[  610443ms] [ERROR] Failed to load resource: the server responded with a status of 500 (Internal Server Error) @ http://localhost:9898/src/lib/components/file-tree.svelte:0
[  610479ms] [ERROR] [vite] Internal Server Error
/Users/trentbrew/TURTLE/Projects/Sandbox/svelte-wc/app-builder/src/lib/components/file-tree.svelte:247:12 Unexpected end of input
https://svelte.dev/e/unexpected_eof

- Did you forget to add a lang attribute to your style tag?
- Did you forget to add a style preprocessor? See https://github.com/sveltejs/vite-plugin-svelte/blob/main/docs/preprocess.md for more information.
 @ http://localhost:9898/@vite/client:999
[  610530ms] [WARNING] The next HMR update will cause the page to reload @ http://localhost:9898/node_modules/.pnpm/@sveltejs+kit@2.65.1_@opentelemetry+api@1.9.1_@sveltejs+vite-plugin-svelte@5.1.1_svelte_3c8e8ea26ccb90fc2477dcb70de6ce91/node_modules/@sveltejs/kit/src/runtime/client/client.js?v=0c5e908e:3387
[  610531ms] [ERROR] TypeError: Failed to fetch dynamically imported module: http://localhost:9898/.svelte-kit/generated/client/nodes/4.js?t=1787588402982 @ http://localhost:9898/@fs/Users/trentbrew/TURTLE/Projects/Sandbox/svelte-wc/app-builder/.svelte-kit/generated/client/app.js:40
[  610914ms] [ERROR] Failed to load resource: the server responded with a status of 500 (Internal Server Error) @ http://localhost:9898/src/lib/components/file-tree.svelte:0
[  610922ms] [ERROR] [vite] Internal Server Error
/Users/trentbrew/TURTLE/Projects/Sandbox/svelte-wc/app-builder/src/lib/components/file-tree.svelte:247:12 Unexpected end of input
https://svelte.dev/e/unexpected_eof

- Did you forget to add a lang attribute to your style tag?
- Did you forget to add a style preprocessor? See https://github.com/sveltejs/vite-plugin-svelte/blob/main/docs/preprocess.md for more information.
 @ http://localhost:9898/@vite/client:999
[  610967ms] [WARNING] The next HMR update will cause the page to reload @ http://localhost:9898/node_modules/.pnpm/@sveltejs+kit@2.65.1_@opentelemetry+api@1.9.1_@sveltejs+vite-plugin-svelte@5.1.1_svelte_3c8e8ea26ccb90fc2477dcb70de6ce91/node_modules/@sveltejs/kit/src/runtime/client/client.js?v=0c5e908e:3387
[  610967ms] [ERROR] TypeError: Failed to fetch dynamically imported module: http://localhost:9898/.svelte-kit/generated/client/nodes/4.js?t=1787588402982 @ http://localhost:9898/@fs/Users/trentbrew/TURTLE/Projects/Sandbox/svelte-wc/app-builder/.svelte-kit/generated/client/app.js:40
[  611486ms] [ERROR] Failed to load resource: the server responded with a status of 500 (Internal Server Error) @ http://localhost:9898/src/lib/components/file-tree.svelte:0
[  611496ms] [ERROR] [vite] Internal Server Error
/Users/trentbrew/TURTLE/Projects/Sandbox/svelte-wc/app-builder/src/lib/components/file-tree.svelte:247:12 Unexpected end of input
https://svelte.dev/e/unexpected_eof

- Did you forget to add a lang attribute to your style tag?
- Did you forget to add a style preprocessor? See https://github.com/sveltejs/vite-plugin-svelte/blob/main/docs/preprocess.md for more information.
 @ http://localhost:9898/@vite/client:999
[  611549ms] [WARNING] The next HMR update will cause the page to reload @ http://localhost:9898/node_modules/.pnpm/@sveltejs+kit@2.65.1_@opentelemetry+api@1.9.1_@sveltejs+vite-plugin-svelte@5.1.1_svelte_3c8e8ea26ccb90fc2477dcb70de6ce91/node_modules/@sveltejs/kit/src/runtime/client/client.js?v=0c5e908e:3387
[  611549ms] [ERROR] TypeError: Failed to fetch dynamically imported module: http://localhost:9898/.svelte-kit/generated/client/nodes/4.js?t=1787588402982 @ http://localhost:9898/@fs/Users/trentbrew/TURTLE/Projects/Sandbox/svelte-wc/app-builder/.svelte-kit/generated/client/app.js:40
[  612051ms] [ERROR] Failed to load resource: the server responded with a status of 500 (Internal Server Error) @ http://localhost:9898/src/lib/components/file-tree.svelte:0
[  612057ms] [ERROR] [vite] Internal Server Error
/Users/trentbrew/TURTLE/Projects/Sandbox/svelte-wc/app-builder/src/lib/components/file-tree.svelte:247:12 Unexpected end of input
https://svelte.dev/e/unexpected_eof

- Did you forget to add a lang attribute to your style tag?
- Did you forget to add a style preprocessor? See https://github.com/sveltejs/vite-plugin-svelte/blob/main/docs/preprocess.md for more information.
 @ http://localhost:9898/@vite/client:999
[  612103ms] [WARNING] The next HMR update will cause the page to reload @ http://localhost:9898/node_modules/.pnpm/@sveltejs+kit@2.65.1_@opentelemetry+api@1.9.1_@sveltejs+vite-plugin-svelte@5.1.1_svelte_3c8e8ea26ccb90fc2477dcb70de6ce91/node_modules/@sveltejs/kit/src/runtime/client/client.js?v=0c5e908e:3387
[  612103ms] [ERROR] TypeError: Failed to fetch dynamically imported module: http://localhost:9898/.svelte-kit/generated/client/nodes/4.js?t=1787588402982 @ http://localhost:9898/@fs/Users/trentbrew/TURTLE/Projects/Sandbox/svelte-wc/app-builder/.svelte-kit/generated/client/app.js:40
[  612535ms] [ERROR] Failed to load resource: the server responded with a status of 500 (Internal Server Error) @ http://localhost:9898/src/lib/components/file-tree.svelte:0
[  612575ms] [ERROR] [vite] Internal Server Error
/Users/trentbrew/TURTLE/Projects/Sandbox/svelte-wc/app-builder/src/lib/components/file-tree.svelte:247:12 Unexpected end of input
https://svelte.dev/e/unexpected_eof

- Did you forget to add a lang attribute to your style tag?
- Did you forget to add a style preprocessor? See https://github.com/sveltejs/vite-plugin-svelte/blob/main/docs/preprocess.md for more information.
 @ http://localhost:9898/@vite/client:999
[  612587ms] [WARNING] The next HMR update will cause the page to reload @ http://localhost:9898/node_modules/.pnpm/@sveltejs+kit@2.65.1_@opentelemetry+api@1.9.1_@sveltejs+vite-plugin-svelte@5.1.1_svelte_3c8e8ea26ccb90fc2477dcb70de6ce91/node_modules/@sveltejs/kit/src/runtime/client/client.js?v=0c5e908e:3387
[  612587ms] [ERROR] TypeError: Failed to fetch dynamically imported module: http://localhost:9898/.svelte-kit/generated/client/nodes/4.js?t=1787588402982 @ http://localhost:9898/@fs/Users/trentbrew/TURTLE/Projects/Sandbox/svelte-wc/app-builder/.svelte-kit/generated/client/app.js:40
[  613297ms] [ERROR] Failed to load resource: the server responded with a status of 500 (Internal Server Error) @ http://localhost:9898/src/lib/components/file-tree.svelte:0
[  613332ms] [ERROR] [vite] Internal Server Error
/Users/trentbrew/TURTLE/Projects/Sandbox/svelte-wc/app-builder/src/lib/components/file-tree.svelte:247:12 Unexpected end of input
https://svelte.dev/e/unexpected_eof

- Did you forget to add a lang attribute to your style tag?
- Did you forget to add a style preprocessor? See https://github.com/sveltejs/vite-plugin-svelte/blob/main/docs/preprocess.md for more information.
 @ http://localhost:9898/@vite/client:999
[  613386ms] [WARNING] The next HMR update will cause the page to reload @ http://localhost:9898/node_modules/.pnpm/@sveltejs+kit@2.65.1_@opentelemetry+api@1.9.1_@sveltejs+vite-plugin-svelte@5.1.1_svelte_3c8e8ea26ccb90fc2477dcb70de6ce91/node_modules/@sveltejs/kit/src/runtime/client/client.js?v=0c5e908e:3387
[  613386ms] [ERROR] TypeError: Failed to fetch dynamically imported module: http://localhost:9898/.svelte-kit/generated/client/nodes/4.js?t=1787588402982 @ http://localhost:9898/@fs/Users/trentbrew/TURTLE/Projects/Sandbox/svelte-wc/app-builder/.svelte-kit/generated/client/app.js:40
[  613806ms] [ERROR] Failed to load resource: the server responded with a status of 500 (Internal Server Error) @ http://localhost:9898/src/lib/components/file-tree.svelte:0
[  613811ms] [ERROR] [vite] Internal Server Error
/Users/trentbrew/TURTLE/Projects/Sandbox/svelte-wc/app-builder/src/lib/components/file-tree.svelte:247:12 Unexpected end of input
https://svelte.dev/e/unexpected_eof

- Did you forget to add a lang attribute to your style tag?
- Did you forget to add a style preprocessor? See https://github.com/sveltejs/vite-plugin-svelte/blob/main/docs/preprocess.md for more information.
 @ http://localhost:9898/@vite/client:999
[  613857ms] [WARNING] The next HMR update will cause the page to reload @ http://localhost:9898/node_modules/.pnpm/@sveltejs+kit@2.65.1_@opentelemetry+api@1.9.1_@sveltejs+vite-plugin-svelte@5.1.1_svelte_3c8e8ea26ccb90fc2477dcb70de6ce91/node_modules/@sveltejs/kit/src/runtime/client/client.js?v=0c5e908e:3387
[  613857ms] [ERROR] TypeError: Failed to fetch dynamically imported module: http://localhost:9898/.svelte-kit/generated/client/nodes/4.js?t=1787588402982 @ http://localhost:9898/@fs/Users/trentbrew/TURTLE/Projects/Sandbox/svelte-wc/app-builder/.svelte-kit/generated/client/app.js:40
[  614445ms] [ERROR] Failed to load resource: the server responded with a status of 500 (Internal Server Error) @ http://localhost:9898/src/lib/components/file-tree.svelte:0
[  614450ms] [ERROR] [vite] Internal Server Error
/Users/trentbrew/TURTLE/Projects/Sandbox/svelte-wc/app-builder/src/lib/components/file-tree.svelte:247:12 Unexpected end of input
https://svelte.dev/e/unexpected_eof

- Did you forget to add a lang attribute to your style tag?
- Did you forget to add a style preprocessor? See https://github.com/sveltejs/vite-plugin-svelte/blob/main/docs/preprocess.md for more information.
 @ http://localhost:9898/@vite/client:999
[  614502ms] [WARNING] The next HMR update will cause the page to reload @ http://localhost:9898/node_modules/.pnpm/@sveltejs+kit@2.65.1_@opentelemetry+api@1.9.1_@sveltejs+vite-plugin-svelte@5.1.1_svelte_3c8e8ea26ccb90fc2477dcb70de6ce91/node_modules/@sveltejs/kit/src/runtime/client/client.js?v=0c5e908e:3387
[  614503ms] [ERROR] TypeError: Failed to fetch dynamically imported module: http://localhost:9898/.svelte-kit/generated/client/nodes/4.js?t=1787588402982 @ http://localhost:9898/@fs/Users/trentbrew/TURTLE/Projects/Sandbox/svelte-wc/app-builder/.svelte-kit/generated/client/app.js:40
[  614944ms] [ERROR] Failed to load resource: the server responded with a status of 500 (Internal Server Error) @ http://localhost:9898/src/lib/components/file-tree.svelte:0
[  614987ms] [ERROR] [vite] Internal Server Error
/Users/trentbrew/TURTLE/Projects/Sandbox/svelte-wc/app-builder/src/lib/components/file-tree.svelte:247:12 Unexpected end of input
https://svelte.dev/e/unexpected_eof

- Did you forget to add a lang attribute to your style tag?
- Did you forget to add a style preprocessor? See https://github.com/sveltejs/vite-plugin-svelte/blob/main/docs/preprocess.md for more information.
 @ http://localhost:9898/@vite/client:999
[  615001ms] [WARNING] The next HMR update will cause the page to reload @ http://localhost:9898/node_modules/.pnpm/@sveltejs+kit@2.65.1_@opentelemetry+api@1.9.1_@sveltejs+vite-plugin-svelte@5.1.1_svelte_3c8e8ea26ccb90fc2477dcb70de6ce91/node_modules/@sveltejs/kit/src/runtime/client/client.js?v=0c5e908e:3387
[  615002ms] [ERROR] TypeError: Failed to fetch dynamically imported module: http://localhost:9898/.svelte-kit/generated/client/nodes/4.js?t=1787588402982 @ http://localhost:9898/@fs/Users/trentbrew/TURTLE/Projects/Sandbox/svelte-wc/app-builder/.svelte-kit/generated/client/app.js:40
[  615584ms] [ERROR] Failed to load resource: the server responded with a status of 500 (Internal Server Error) @ http://localhost:9898/src/lib/components/file-tree.svelte:0
[  615623ms] [ERROR] [vite] Internal Server Error
/Users/trentbrew/TURTLE/Projects/Sandbox/svelte-wc/app-builder/src/lib/components/file-tree.svelte:247:12 Unexpected end of input
https://svelte.dev/e/unexpected_eof

- Did you forget to add a lang attribute to your style tag?
- Did you forget to add a style preprocessor? See https://github.com/sveltejs/vite-plugin-svelte/blob/main/docs/preprocess.md for more information.
 @ http://localhost:9898/@vite/client:999
[  615636ms] [WARNING] The next HMR update will cause the page to reload @ http://localhost:9898/node_modules/.pnpm/@sveltejs+kit@2.65.1_@opentelemetry+api@1.9.1_@sveltejs+vite-plugin-svelte@5.1.1_svelte_3c8e8ea26ccb90fc2477dcb70de6ce91/node_modules/@sveltejs/kit/src/runtime/client/client.js?v=0c5e908e:3387
[  615636ms] [ERROR] TypeError: Failed to fetch dynamically imported module: http://localhost:9898/.svelte-kit/generated/client/nodes/4.js?t=1787588402982 @ http://localhost:9898/@fs/Users/trentbrew/TURTLE/Projects/Sandbox/svelte-wc/app-builder/.svelte-kit/generated/client/app.js:40
[  616197ms] [ERROR] Failed to load resource: the server responded with a status of 500 (Internal Server Error) @ http://localhost:9898/src/lib/components/file-tree.svelte:0
[  616223ms] [ERROR] [vite] Internal Server Error
/Users/trentbrew/TURTLE/Projects/Sandbox/svelte-wc/app-builder/src/lib/components/file-tree.svelte:247:12 Unexpected end of input
https://svelte.dev/e/unexpected_eof

- Did you forget to add a lang attribute to your style tag?
- Did you forget to add a style preprocessor? See https://github.com/sveltejs/vite-plugin-svelte/blob/main/docs/preprocess.md for more information.
 @ http://localhost:9898/@vite/client:999
[  616279ms] [WARNING] The next HMR update will cause the page to reload @ http://localhost:9898/node_modules/.pnpm/@sveltejs+kit@2.65.1_@opentelemetry+api@1.9.1_@sveltejs+vite-plugin-svelte@5.1.1_svelte_3c8e8ea26ccb90fc2477dcb70de6ce91/node_modules/@sveltejs/kit/src/runtime/client/client.js?v=0c5e908e:3387
[  616279ms] [ERROR] TypeError: Failed to fetch dynamically imported module: http://localhost:9898/.svelte-kit/generated/client/nodes/4.js?t=1787588402982 @ http://localhost:9898/@fs/Users/trentbrew/TURTLE/Projects/Sandbox/svelte-wc/app-builder/.svelte-kit/generated/client/app.js:40
[  616829ms] [ERROR] Failed to load resource: the server responded with a status of 500 (Internal Server Error) @ http://localhost:9898/src/lib/components/file-tree.svelte:0
[  616835ms] [ERROR] [vite] Internal Server Error
/Users/trentbrew/TURTLE/Projects/Sandbox/svelte-wc/app-builder/src/lib/components/file-tree.svelte:247:12 Unexpected end of input
https://svelte.dev/e/unexpected_eof

- Did you forget to add a lang attribute to your style tag?
- Did you forget to add a style preprocessor? See https://github.com/sveltejs/vite-plugin-svelte/blob/main/docs/preprocess.md for more information.
 @ http://localhost:9898/@vite/client:999
[  616846ms] [WARNING] The next HMR update will cause the page to reload @ http://localhost:9898/node_modules/.pnpm/@sveltejs+kit@2.65.1_@opentelemetry+api@1.9.1_@sveltejs+vite-plugin-svelte@5.1.1_svelte_3c8e8ea26ccb90fc2477dcb70de6ce91/node_modules/@sveltejs/kit/src/runtime/client/client.js?v=0c5e908e:3387
[  616846ms] [ERROR] TypeError: Failed to fetch dynamically imported module: http://localhost:9898/.svelte-kit/generated/client/nodes/4.js?t=1787588402982 @ http://localhost:9898/@fs/Users/trentbrew/TURTLE/Projects/Sandbox/svelte-wc/app-builder/.svelte-kit/generated/client/app.js:40
[  617387ms] [ERROR] Failed to load resource: the server responded with a status of 500 (Internal Server Error) @ http://localhost:9898/src/lib/components/file-tree.svelte:0
[  617395ms] [ERROR] [vite] Internal Server Error
/Users/trentbrew/TURTLE/Projects/Sandbox/svelte-wc/app-builder/src/lib/components/file-tree.svelte:247:12 Unexpected end of input
https://svelte.dev/e/unexpected_eof

- Did you forget to add a lang attribute to your style tag?
- Did you forget to add a style preprocessor? See https://github.com/sveltejs/vite-plugin-svelte/blob/main/docs/preprocess.md for more information.
 @ http://localhost:9898/@vite/client:999
[  617450ms] [WARNING] The next HMR update will cause the page to reload @ http://localhost:9898/node_modules/.pnpm/@sveltejs+kit@2.65.1_@opentelemetry+api@1.9.1_@sveltejs+vite-plugin-svelte@5.1.1_svelte_3c8e8ea26ccb90fc2477dcb70de6ce91/node_modules/@sveltejs/kit/src/runtime/client/client.js?v=0c5e908e:3387
[  617450ms] [ERROR] TypeError: Failed to fetch dynamically imported module: http://localhost:9898/.svelte-kit/generated/client/nodes/4.js?t=1787588413141 @ http://localhost:9898/@fs/Users/trentbrew/TURTLE/Projects/Sandbox/svelte-wc/app-builder/.svelte-kit/generated/client/app.js:40
[  618331ms] [ERROR] Failed to load resource: the server responded with a status of 500 (Internal Server Error) @ http://localhost:9898/src/lib/components/file-tree.svelte:0
[  618332ms] [ERROR] [vite] Internal Server Error
/Users/trentbrew/TURTLE/Projects/Sandbox/svelte-wc/app-builder/src/lib/components/file-tree.svelte:247:12 Unexpected end of input
https://svelte.dev/e/unexpected_eof

- Did you forget to add a lang attribute to your style tag?
- Did you forget to add a style preprocessor? See https://github.com/sveltejs/vite-plugin-svelte/blob/main/docs/preprocess.md for more information.
 @ http://localhost:9898/@vite/client:999
[  618390ms] [WARNING] The next HMR update will cause the page to reload @ http://localhost:9898/node_modules/.pnpm/@sveltejs+kit@2.65.1_@opentelemetry+api@1.9.1_@sveltejs+vite-plugin-svelte@5.1.1_svelte_3c8e8ea26ccb90fc2477dcb70de6ce91/node_modules/@sveltejs/kit/src/runtime/client/client.js?v=0c5e908e:3387
[  618390ms] [ERROR] TypeError: Failed to fetch dynamically imported module: http://localhost:9898/.svelte-kit/generated/client/nodes/4.js?t=1787588413141 @ http://localhost:9898/@fs/Users/trentbrew/TURTLE/Projects/Sandbox/svelte-wc/app-builder/.svelte-kit/generated/client/app.js:40
[  619009ms] [ERROR] Failed to load resource: the server responded with a status of 500 (Internal Server Error) @ http://localhost:9898/src/lib/components/file-tree.svelte:0
[  619047ms] [ERROR] [vite] Internal Server Error
/Users/trentbrew/TURTLE/Projects/Sandbox/svelte-wc/app-builder/src/lib/components/file-tree.svelte:247:12 Unexpected end of input
https://svelte.dev/e/unexpected_eof

- Did you forget to add a lang attribute to your style tag?
- Did you forget to add a style preprocessor? See https://github.com/sveltejs/vite-plugin-svelte/blob/main/docs/preprocess.md for more information.
 @ http://localhost:9898/@vite/client:999
[  619061ms] [WARNING] The next HMR update will cause the page to reload @ http://localhost:9898/node_modules/.pnpm/@sveltejs+kit@2.65.1_@opentelemetry+api@1.9.1_@sveltejs+vite-plugin-svelte@5.1.1_svelte_3c8e8ea26ccb90fc2477dcb70de6ce91/node_modules/@sveltejs/kit/src/runtime/client/client.js?v=0c5e908e:3387
[  619061ms] [ERROR] TypeError: Failed to fetch dynamically imported module: http://localhost:9898/.svelte-kit/generated/client/nodes/4.js?t=1787588413141 @ http://localhost:9898/@fs/Users/trentbrew/TURTLE/Projects/Sandbox/svelte-wc/app-builder/.svelte-kit/generated/client/app.js:40
[  619570ms] [ERROR] Failed to load resource: the server responded with a status of 500 (Internal Server Error) @ http://localhost:9898/src/lib/components/file-tree.svelte:0
[  619576ms] [ERROR] [vite] Internal Server Error
/Users/trentbrew/TURTLE/Projects/Sandbox/svelte-wc/app-builder/src/lib/components/file-tree.svelte:247:12 Unexpected end of input
https://svelte.dev/e/unexpected_eof

- Did you forget to add a lang attribute to your style tag?
- Did you forget to add a style preprocessor? See https://github.com/sveltejs/vite-plugin-svelte/blob/main/docs/preprocess.md for more information.
 @ http://localhost:9898/@vite/client:999
[  619623ms] [WARNING] The next HMR update will cause the page to reload @ http://localhost:9898/node_modules/.pnpm/@sveltejs+kit@2.65.1_@opentelemetry+api@1.9.1_@sveltejs+vite-plugin-svelte@5.1.1_svelte_3c8e8ea26ccb90fc2477dcb70de6ce91/node_modules/@sveltejs/kit/src/runtime/client/client.js?v=0c5e908e:3387
[  619623ms] [ERROR] TypeError: Failed to fetch dynamically imported module: http://localhost:9898/.svelte-kit/generated/client/nodes/4.js?t=1787588413141 @ http://localhost:9898/@fs/Users/trentbrew/TURTLE/Projects/Sandbox/svelte-wc/app-builder/.svelte-kit/generated/client/app.js:40
[  620143ms] [ERROR] Failed to load resource: the server responded with a status of 500 (Internal Server Error) @ http://localhost:9898/src/lib/components/file-tree.svelte:0
[  620150ms] [ERROR] [vite] Internal Server Error
/Users/trentbrew/TURTLE/Projects/Sandbox/svelte-wc/app-builder/src/lib/components/file-tree.svelte:247:12 Unexpected end of input
https://svelte.dev/e/unexpected_eof

- Did you forget to add a lang attribute to your style tag?
- Did you forget to add a style preprocessor? See https://github.com/sveltejs/vite-plugin-svelte/blob/main/docs/preprocess.md for more information.
 @ http://localhost:9898/@vite/client:999
[  620197ms] [WARNING] The next HMR update will cause the page to reload @ http://localhost:9898/node_modules/.pnpm/@sveltejs+kit@2.65.1_@opentelemetry+api@1.9.1_@sveltejs+vite-plugin-svelte@5.1.1_svelte_3c8e8ea26ccb90fc2477dcb70de6ce91/node_modules/@sveltejs/kit/src/runtime/client/client.js?v=0c5e908e:3387
[  620197ms] [ERROR] TypeError: Failed to fetch dynamically imported module: http://localhost:9898/.svelte-kit/generated/client/nodes/4.js?t=1787588413141 @ http://localhost:9898/@fs/Users/trentbrew/TURTLE/Projects/Sandbox/svelte-wc/app-builder/.svelte-kit/generated/client/app.js:40
[  620671ms] [ERROR] Failed to load resource: the server responded with a status of 500 (Internal Server Error) @ http://localhost:9898/src/lib/components/file-tree.svelte:0
[  620676ms] [ERROR] [vite] Internal Server Error
/Users/trentbrew/TURTLE/Projects/Sandbox/svelte-wc/app-builder/src/lib/components/file-tree.svelte:247:12 Unexpected end of input
https://svelte.dev/e/unexpected_eof

- Did you forget to add a lang attribute to your style tag?
- Did you forget to add a style preprocessor? See https://github.com/sveltejs/vite-plugin-svelte/blob/main/docs/preprocess.md for more information.
 @ http://localhost:9898/@vite/client:999
[  620722ms] [WARNING] The next HMR update will cause the page to reload @ http://localhost:9898/node_modules/.pnpm/@sveltejs+kit@2.65.1_@opentelemetry+api@1.9.1_@sveltejs+vite-plugin-svelte@5.1.1_svelte_3c8e8ea26ccb90fc2477dcb70de6ce91/node_modules/@sveltejs/kit/src/runtime/client/client.js?v=0c5e908e:3387
[  620722ms] [ERROR] TypeError: Failed to fetch dynamically imported module: http://localhost:9898/.svelte-kit/generated/client/nodes/4.js?t=1787588413141 @ http://localhost:9898/@fs/Users/trentbrew/TURTLE/Projects/Sandbox/svelte-wc/app-builder/.svelte-kit/generated/client/app.js:40
[  621367ms] [ERROR] Failed to load resource: the server responded with a status of 500 (Internal Server Error) @ http://localhost:9898/src/lib/components/file-tree.svelte:0
[  621373ms] [ERROR] [vite] Internal Server Error
/Users/trentbrew/TURTLE/Projects/Sandbox/svelte-wc/app-builder/src/lib/components/file-tree.svelte:247:12 Unexpected end of input
https://svelte.dev/e/unexpected_eof

- Did you forget to add a lang attribute to your style tag?
- Did you forget to add a style preprocessor? See https://github.com/sveltejs/vite-plugin-svelte/blob/main/docs/preprocess.md for more information.
 @ http://localhost:9898/@vite/client:999
[  621428ms] [WARNING] The next HMR update will cause the page to reload @ http://localhost:9898/node_modules/.pnpm/@sveltejs+kit@2.65.1_@opentelemetry+api@1.9.1_@sveltejs+vite-plugin-svelte@5.1.1_svelte_3c8e8ea26ccb90fc2477dcb70de6ce91/node_modules/@sveltejs/kit/src/runtime/client/client.js?v=0c5e908e:3387
[  621428ms] [ERROR] TypeError: Failed to fetch dynamically imported module: http://localhost:9898/.svelte-kit/generated/client/nodes/4.js?t=1787588413141 @ http://localhost:9898/@fs/Users/trentbrew/TURTLE/Projects/Sandbox/svelte-wc/app-builder/.svelte-kit/generated/client/app.js:40
[  621929ms] [ERROR] Failed to load resource: the server responded with a status of 500 (Internal Server Error) @ http://localhost:9898/src/lib/components/file-tree.svelte:0
[  621971ms] [ERROR] [vite] Internal Server Error
/Users/trentbrew/TURTLE/Projects/Sandbox/svelte-wc/app-builder/src/lib/components/file-tree.svelte:247:12 Unexpected end of input
https://svelte.dev/e/unexpected_eof

- Did you forget to add a lang attribute to your style tag?
- Did you forget to add a style preprocessor? See https://github.com/sveltejs/vite-plugin-svelte/blob/main/docs/preprocess.md for more information.
 @ http://localhost:9898/@vite/client:999
[  621989ms] [WARNING] The next HMR update will cause the page to reload @ http://localhost:9898/node_modules/.pnpm/@sveltejs+kit@2.65.1_@opentelemetry+api@1.9.1_@sveltejs+vite-plugin-svelte@5.1.1_svelte_3c8e8ea26ccb90fc2477dcb70de6ce91/node_modules/@sveltejs/kit/src/runtime/client/client.js?v=0c5e908e:3387
[  621990ms] [ERROR] TypeError: Failed to fetch dynamically imported module: http://localhost:9898/.svelte-kit/generated/client/nodes/4.js?t=1787588413141 @ http://localhost:9898/@fs/Users/trentbrew/TURTLE/Projects/Sandbox/svelte-wc/app-builder/.svelte-kit/generated/client/app.js:40
[  622587ms] [ERROR] Failed to load resource: the server responded with a status of 500 (Internal Server Error) @ http://localhost:9898/src/lib/components/file-tree.svelte:0
[  622594ms] [ERROR] [vite] Internal Server Error
/Users/trentbrew/TURTLE/Projects/Sandbox/svelte-wc/app-builder/src/lib/components/file-tree.svelte:247:12 Unexpected end of input
https://svelte.dev/e/unexpected_eof

- Did you forget to add a lang attribute to your style tag?
- Did you forget to add a style preprocessor? See https://github.com/sveltejs/vite-plugin-svelte/blob/main/docs/preprocess.md for more information.
 @ http://localhost:9898/@vite/client:999
[  622652ms] [WARNING] The next HMR update will cause the page to reload @ http://localhost:9898/node_modules/.pnpm/@sveltejs+kit@2.65.1_@opentelemetry+api@1.9.1_@sveltejs+vite-plugin-svelte@5.1.1_svelte_3c8e8ea26ccb90fc2477dcb70de6ce91/node_modules/@sveltejs/kit/src/runtime/client/client.js?v=0c5e908e:3387
[  622652ms] [ERROR] TypeError: Failed to fetch dynamically imported module: http://localhost:9898/.svelte-kit/generated/client/nodes/4.js?t=1787588413141 @ http://localhost:9898/@fs/Users/trentbrew/TURTLE/Projects/Sandbox/svelte-wc/app-builder/.svelte-kit/generated/client/app.js:40
[  623338ms] [ERROR] Failed to load resource: the server responded with a status of 500 (Internal Server Error) @ http://localhost:9898/src/lib/components/file-tree.svelte:0
[  623345ms] [ERROR] [vite] Internal Server Error
/Users/trentbrew/TURTLE/Projects/Sandbox/svelte-wc/app-builder/src/lib/components/file-tree.svelte:247:12 Unexpected end of input
https://svelte.dev/e/unexpected_eof

- Did you forget to add a lang attribute to your style tag?
- Did you forget to add a style preprocessor? See https://github.com/sveltejs/vite-plugin-svelte/blob/main/docs/preprocess.md for more information.
 @ http://localhost:9898/@vite/client:999
[  623394ms] [WARNING] The next HMR update will cause the page to reload @ http://localhost:9898/node_modules/.pnpm/@sveltejs+kit@2.65.1_@opentelemetry+api@1.9.1_@sveltejs+vite-plugin-svelte@5.1.1_svelte_3c8e8ea26ccb90fc2477dcb70de6ce91/node_modules/@sveltejs/kit/src/runtime/client/client.js?v=0c5e908e:3387
[  623394ms] [ERROR] TypeError: Failed to fetch dynamically imported module: http://localhost:9898/.svelte-kit/generated/client/nodes/4.js?t=1787588413141 @ http://localhost:9898/@fs/Users/trentbrew/TURTLE/Projects/Sandbox/svelte-wc/app-builder/.svelte-kit/generated/client/app.js:40
[  623990ms] [ERROR] Failed to load resource: the server responded with a status of 500 (Internal Server Error) @ http://localhost:9898/src/lib/components/file-tree.svelte:0
[  624001ms] [ERROR] [vite] Internal Server Error
/Users/trentbrew/TURTLE/Projects/Sandbox/svelte-wc/app-builder/src/lib/components/file-tree.svelte:247:12 Unexpected end of input
https://svelte.dev/e/unexpected_eof

- Did you forget to add a lang attribute to your style tag?
- Did you forget to add a style preprocessor? See https://github.com/sveltejs/vite-plugin-svelte/blob/main/docs/preprocess.md for more information.
 @ http://localhost:9898/@vite/client:999
[  624049ms] [WARNING] The next HMR update will cause the page to reload @ http://localhost:9898/node_modules/.pnpm/@sveltejs+kit@2.65.1_@opentelemetry+api@1.9.1_@sveltejs+vite-plugin-svelte@5.1.1_svelte_3c8e8ea26ccb90fc2477dcb70de6ce91/node_modules/@sveltejs/kit/src/runtime/client/client.js?v=0c5e908e:3387
[  624049ms] [ERROR] TypeError: Failed to fetch dynamically imported module: http://localhost:9898/.svelte-kit/generated/client/nodes/4.js?t=1787588413141 @ http://localhost:9898/@fs/Users/trentbrew/TURTLE/Projects/Sandbox/svelte-wc/app-builder/.svelte-kit/generated/client/app.js:40
[  624500ms] [ERROR] Failed to load resource: the server responded with a status of 500 (Internal Server Error) @ http://localhost:9898/src/lib/components/file-tree.svelte:0
[  624507ms] [ERROR] [vite] Internal Server Error
/Users/trentbrew/TURTLE/Projects/Sandbox/svelte-wc/app-builder/src/lib/components/file-tree.svelte:247:12 Unexpected end of input
https://svelte.dev/e/unexpected_eof

- Did you forget to add a lang attribute to your style tag?
- Did you forget to add a style preprocessor? See https://github.com/sveltejs/vite-plugin-svelte/blob/main/docs/preprocess.md for more information.
 @ http://localhost:9898/@vite/client:999
[  624565ms] [WARNING] The next HMR update will cause the page to reload @ http://localhost:9898/node_modules/.pnpm/@sveltejs+kit@2.65.1_@opentelemetry+api@1.9.1_@sveltejs+vite-plugin-svelte@5.1.1_svelte_3c8e8ea26ccb90fc2477dcb70de6ce91/node_modules/@sveltejs/kit/src/runtime/client/client.js?v=0c5e908e:3387
[  624566ms] [ERROR] TypeError: Failed to fetch dynamically imported module: http://localhost:9898/.svelte-kit/generated/client/nodes/4.js?t=1787588413141 @ http://localhost:9898/@fs/Users/trentbrew/TURTLE/Projects/Sandbox/svelte-wc/app-builder/.svelte-kit/generated/client/app.js:40
[  625180ms] [ERROR] Failed to load resource: the server responded with a status of 500 (Internal Server Error) @ http://localhost:9898/src/lib/components/file-tree.svelte:0
[  625188ms] [ERROR] [vite] Internal Server Error
/Users/trentbrew/TURTLE/Projects/Sandbox/svelte-wc/app-builder/src/lib/components/file-tree.svelte:247:12 Unexpected end of input
https://svelte.dev/e/unexpected_eof

- Did you forget to add a lang attribute to your style tag?
- Did you forget to add a style preprocessor? See https://github.com/sveltejs/vite-plugin-svelte/blob/main/docs/preprocess.md for more information.
 @ http://localhost:9898/@vite/client:999
[  625236ms] [WARNING] The next HMR update will cause the page to reload @ http://localhost:9898/node_modules/.pnpm/@sveltejs+kit@2.65.1_@opentelemetry+api@1.9.1_@sveltejs+vite-plugin-svelte@5.1.1_svelte_3c8e8ea26ccb90fc2477dcb70de6ce91/node_modules/@sveltejs/kit/src/runtime/client/client.js?v=0c5e908e:3387
[  625236ms] [ERROR] TypeError: Failed to fetch dynamically imported module: http://localhost:9898/.svelte-kit/generated/client/nodes/4.js?t=1787588413141 @ http://localhost:9898/@fs/Users/trentbrew/TURTLE/Projects/Sandbox/svelte-wc/app-builder/.svelte-kit/generated/client/app.js:40
[  625851ms] [ERROR] Failed to load resource: the server responded with a status of 500 (Internal Server Error) @ http://localhost:9898/src/lib/components/file-tree.svelte:0
[  625855ms] [ERROR] [vite] Internal Server Error
/Users/trentbrew/TURTLE/Projects/Sandbox/svelte-wc/app-builder/src/lib/components/file-tree.svelte:247:12 Unexpected end of input
https://svelte.dev/e/unexpected_eof

- Did you forget to add a lang attribute to your style tag?
- Did you forget to add a style preprocessor? See https://github.com/sveltejs/vite-plugin-svelte/blob/main/docs/preprocess.md for more information.
 @ http://localhost:9898/@vite/client:999
[  625925ms] [WARNING] The next HMR update will cause the page to reload @ http://localhost:9898/node_modules/.pnpm/@sveltejs+kit@2.65.1_@opentelemetry+api@1.9.1_@sveltejs+vite-plugin-svelte@5.1.1_svelte_3c8e8ea26ccb90fc2477dcb70de6ce91/node_modules/@sveltejs/kit/src/runtime/client/client.js?v=0c5e908e:3387
[  625926ms] [ERROR] TypeError: Failed to fetch dynamically imported module: http://localhost:9898/.svelte-kit/generated/client/nodes/4.js?t=1787588413141 @ http://localhost:9898/@fs/Users/trentbrew/TURTLE/Projects/Sandbox/svelte-wc/app-builder/.svelte-kit/generated/client/app.js:40
[  626463ms] [ERROR] Failed to load resource: the server responded with a status of 500 (Internal Server Error) @ http://localhost:9898/src/lib/components/file-tree.svelte:0
[  626467ms] [ERROR] [vite] Internal Server Error
/Users/trentbrew/TURTLE/Projects/Sandbox/svelte-wc/app-builder/src/lib/components/file-tree.svelte:247:12 Unexpected end of input
https://svelte.dev/e/unexpected_eof

- Did you forget to add a lang attribute to your style tag?
- Did you forget to add a style preprocessor? See https://github.com/sveltejs/vite-plugin-svelte/blob/main/docs/preprocess.md for more information.
 @ http://localhost:9898/@vite/client:999
[  626517ms] [WARNING] The next HMR update will cause the page to reload @ http://localhost:9898/node_modules/.pnpm/@sveltejs+kit@2.65.1_@opentelemetry+api@1.9.1_@sveltejs+vite-plugin-svelte@5.1.1_svelte_3c8e8ea26ccb90fc2477dcb70de6ce91/node_modules/@sveltejs/kit/src/runtime/client/client.js?v=0c5e908e:3387
[  626517ms] [ERROR] TypeError: Failed to fetch dynamically imported module: http://localhost:9898/.svelte-kit/generated/client/nodes/4.js?t=1787588413141 @ http://localhost:9898/@fs/Users/trentbrew/TURTLE/Projects/Sandbox/svelte-wc/app-builder/.svelte-kit/generated/client/app.js:40
[  627165ms] [ERROR] Failed to load resource: the server responded with a status of 500 (Internal Server Error) @ http://localhost:9898/src/lib/components/file-tree.svelte:0
[  627175ms] [ERROR] [vite] Internal Server Error
/Users/trentbrew/TURTLE/Projects/Sandbox/svelte-wc/app-builder/src/lib/components/file-tree.svelte:247:12 Unexpected end of input
https://svelte.dev/e/unexpected_eof

- Did you forget to add a lang attribute to your style tag?
- Did you forget to add a style preprocessor? See https://github.com/sveltejs/vite-plugin-svelte/blob/main/docs/preprocess.md for more information.
 @ http://localhost:9898/@vite/client:999
[  627225ms] [WARNING] The next HMR update will cause the page to reload @ http://localhost:9898/node_modules/.pnpm/@sveltejs+kit@2.65.1_@opentelemetry+api@1.9.1_@sveltejs+vite-plugin-svelte@5.1.1_svelte_3c8e8ea26ccb90fc2477dcb70de6ce91/node_modules/@sveltejs/kit/src/runtime/client/client.js?v=0c5e908e:3387
[  627225ms] [ERROR] TypeError: Failed to fetch dynamically imported module: http://localhost:9898/.svelte-kit/generated/client/nodes/4.js?t=1787588423032 @ http://localhost:9898/@fs/Users/trentbrew/TURTLE/Projects/Sandbox/svelte-wc/app-builder/.svelte-kit/generated/client/app.js:40
[  627756ms] [ERROR] Failed to load resource: the server responded with a status of 500 (Internal Server Error) @ http://localhost:9898/src/lib/components/file-tree.svelte:0
[  627760ms] [ERROR] [vite] Internal Server Error
/Users/trentbrew/TURTLE/Projects/Sandbox/svelte-wc/app-builder/src/lib/components/file-tree.svelte:247:12 Unexpected end of input
https://svelte.dev/e/unexpected_eof

- Did you forget to add a lang attribute to your style tag?
- Did you forget to add a style preprocessor? See https://github.com/sveltejs/vite-plugin-svelte/blob/main/docs/preprocess.md for more information.
 @ http://localhost:9898/@vite/client:999
[  627819ms] [WARNING] The next HMR update will cause the page to reload @ http://localhost:9898/node_modules/.pnpm/@sveltejs+kit@2.65.1_@opentelemetry+api@1.9.1_@sveltejs+vite-plugin-svelte@5.1.1_svelte_3c8e8ea26ccb90fc2477dcb70de6ce91/node_modules/@sveltejs/kit/src/runtime/client/client.js?v=0c5e908e:3387
[  627819ms] [ERROR] TypeError: Failed to fetch dynamically imported module: http://localhost:9898/.svelte-kit/generated/client/nodes/4.js?t=1787588423032 @ http://localhost:9898/@fs/Users/trentbrew/TURTLE/Projects/Sandbox/svelte-wc/app-builder/.svelte-kit/generated/client/app.js:40
[  628494ms] [ERROR] Failed to load resource: the server responded with a status of 500 (Internal Server Error) @ http://localhost:9898/src/lib/components/file-tree.svelte:0
[  628538ms] [ERROR] [vite] Internal Server Error
/Users/trentbrew/TURTLE/Projects/Sandbox/svelte-wc/app-builder/src/lib/components/file-tree.svelte:247:12 Unexpected end of input
https://svelte.dev/e/unexpected_eof

- Did you forget to add a lang attribute to your style tag?
- Did you forget to add a style preprocessor? See https://github.com/sveltejs/vite-plugin-svelte/blob/main/docs/preprocess.md for more information.
 @ http://localhost:9898/@vite/client:999
[  628561ms] [WARNING] The next HMR update will cause the page to reload @ http://localhost:9898/node_modules/.pnpm/@sveltejs+kit@2.65.1_@opentelemetry+api@1.9.1_@sveltejs+vite-plugin-svelte@5.1.1_svelte_3c8e8ea26ccb90fc2477dcb70de6ce91/node_modules/@sveltejs/kit/src/runtime/client/client.js?v=0c5e908e:3387
[  628561ms] [ERROR] TypeError: Failed to fetch dynamically imported module: http://localhost:9898/.svelte-kit/generated/client/nodes/4.js?t=1787588423032 @ http://localhost:9898/@fs/Users/trentbrew/TURTLE/Projects/Sandbox/svelte-wc/app-builder/.svelte-kit/generated/client/app.js:40
[  629046ms] [ERROR] Failed to load resource: the server responded with a status of 500 (Internal Server Error) @ http://localhost:9898/src/lib/components/file-tree.svelte:0
[  629054ms] [ERROR] [vite] Internal Server Error
/Users/trentbrew/TURTLE/Projects/Sandbox/svelte-wc/app-builder/src/lib/components/file-tree.svelte:247:12 Unexpected end of input
https://svelte.dev/e/unexpected_eof

- Did you forget to add a lang attribute to your style tag?
- Did you forget to add a style preprocessor? See https://github.com/sveltejs/vite-plugin-svelte/blob/main/docs/preprocess.md for more information.
 @ http://localhost:9898/@vite/client:999
[  629100ms] [WARNING] The next HMR update will cause the page to reload @ http://localhost:9898/node_modules/.pnpm/@sveltejs+kit@2.65.1_@opentelemetry+api@1.9.1_@sveltejs+vite-plugin-svelte@5.1.1_svelte_3c8e8ea26ccb90fc2477dcb70de6ce91/node_modules/@sveltejs/kit/src/runtime/client/client.js?v=0c5e908e:3387
[  629100ms] [ERROR] TypeError: Failed to fetch dynamically imported module: http://localhost:9898/.svelte-kit/generated/client/nodes/4.js?t=1787588423032 @ http://localhost:9898/@fs/Users/trentbrew/TURTLE/Projects/Sandbox/svelte-wc/app-builder/.svelte-kit/generated/client/app.js:40
[  629527ms] [ERROR] Failed to load resource: the server responded with a status of 500 (Internal Server Error) @ http://localhost:9898/src/lib/components/file-tree.svelte:0
[  629533ms] [ERROR] [vite] Internal Server Error
/Users/trentbrew/TURTLE/Projects/Sandbox/svelte-wc/app-builder/src/lib/components/file-tree.svelte:247:12 Unexpected end of input
https://svelte.dev/e/unexpected_eof

- Did you forget to add a lang attribute to your style tag?
- Did you forget to add a style preprocessor? See https://github.com/sveltejs/vite-plugin-svelte/blob/main/docs/preprocess.md for more information.
 @ http://localhost:9898/@vite/client:999
[  629585ms] [WARNING] The next HMR update will cause the page to reload @ http://localhost:9898/node_modules/.pnpm/@sveltejs+kit@2.65.1_@opentelemetry+api@1.9.1_@sveltejs+vite-plugin-svelte@5.1.1_svelte_3c8e8ea26ccb90fc2477dcb70de6ce91/node_modules/@sveltejs/kit/src/runtime/client/client.js?v=0c5e908e:3387
[  629585ms] [ERROR] TypeError: Failed to fetch dynamically imported module: http://localhost:9898/.svelte-kit/generated/client/nodes/4.js?t=1787588423032 @ http://localhost:9898/@fs/Users/trentbrew/TURTLE/Projects/Sandbox/svelte-wc/app-builder/.svelte-kit/generated/client/app.js:40
[  630077ms] [ERROR] Failed to load resource: the server responded with a status of 500 (Internal Server Error) @ http://localhost:9898/src/lib/components/file-tree.svelte:0
[  630083ms] [ERROR] [vite] Internal Server Error
/Users/trentbrew/TURTLE/Projects/Sandbox/svelte-wc/app-builder/src/lib/components/file-tree.svelte:247:12 Unexpected end of input
https://svelte.dev/e/unexpected_eof

- Did you forget to add a lang attribute to your style tag?
- Did you forget to add a style preprocessor? See https://github.com/sveltejs/vite-plugin-svelte/blob/main/docs/preprocess.md for more information.
 @ http://localhost:9898/@vite/client:999
[  630130ms] [WARNING] The next HMR update will cause the page to reload @ http://localhost:9898/node_modules/.pnpm/@sveltejs+kit@2.65.1_@opentelemetry+api@1.9.1_@sveltejs+vite-plugin-svelte@5.1.1_svelte_3c8e8ea26ccb90fc2477dcb70de6ce91/node_modules/@sveltejs/kit/src/runtime/client/client.js?v=0c5e908e:3387
[  630130ms] [ERROR] TypeError: Failed to fetch dynamically imported module: http://localhost:9898/.svelte-kit/generated/client/nodes/4.js?t=1787588423032 @ http://localhost:9898/@fs/Users/trentbrew/TURTLE/Projects/Sandbox/svelte-wc/app-builder/.svelte-kit/generated/client/app.js:40
[  630555ms] [ERROR] Failed to load resource: the server responded with a status of 500 (Internal Server Error) @ http://localhost:9898/src/lib/components/file-tree.svelte:0
[  630583ms] [ERROR] [vite] Internal Server Error
/Users/trentbrew/TURTLE/Projects/Sandbox/svelte-wc/app-builder/src/lib/components/file-tree.svelte:247:12 Unexpected end of input
https://svelte.dev/e/unexpected_eof

- Did you forget to add a lang attribute to your style tag?
- Did you forget to add a style preprocessor? See https://github.com/sveltejs/vite-plugin-svelte/blob/main/docs/preprocess.md for more information.
 @ http://localhost:9898/@vite/client:999
[  630637ms] [WARNING] The next HMR update will cause the page to reload @ http://localhost:9898/node_modules/.pnpm/@sveltejs+kit@2.65.1_@opentelemetry+api@1.9.1_@sveltejs+vite-plugin-svelte@5.1.1_svelte_3c8e8ea26ccb90fc2477dcb70de6ce91/node_modules/@sveltejs/kit/src/runtime/client/client.js?v=0c5e908e:3387
[  630637ms] [ERROR] TypeError: Failed to fetch dynamically imported module: http://localhost:9898/.svelte-kit/generated/client/nodes/4.js?t=1787588423032 @ http://localhost:9898/@fs/Users/trentbrew/TURTLE/Projects/Sandbox/svelte-wc/app-builder/.svelte-kit/generated/client/app.js:40
[  631100ms] [ERROR] Failed to load resource: the server responded with a status of 500 (Internal Server Error) @ http://localhost:9898/src/lib/components/file-tree.svelte:0
[  631109ms] [ERROR] [vite] Internal Server Error
/Users/trentbrew/TURTLE/Projects/Sandbox/svelte-wc/app-builder/src/lib/components/file-tree.svelte:247:12 Unexpected end of input
https://svelte.dev/e/unexpected_eof

- Did you forget to add a lang attribute to your style tag?
- Did you forget to add a style preprocessor? See https://github.com/sveltejs/vite-plugin-svelte/blob/main/docs/preprocess.md for more information.
 @ http://localhost:9898/@vite/client:999
[  631155ms] [WARNING] The next HMR update will cause the page to reload @ http://localhost:9898/node_modules/.pnpm/@sveltejs+kit@2.65.1_@opentelemetry+api@1.9.1_@sveltejs+vite-plugin-svelte@5.1.1_svelte_3c8e8ea26ccb90fc2477dcb70de6ce91/node_modules/@sveltejs/kit/src/runtime/client/client.js?v=0c5e908e:3387
[  631155ms] [ERROR] TypeError: Failed to fetch dynamically imported module: http://localhost:9898/.svelte-kit/generated/client/nodes/4.js?t=1787588423032 @ http://localhost:9898/@fs/Users/trentbrew/TURTLE/Projects/Sandbox/svelte-wc/app-builder/.svelte-kit/generated/client/app.js:40
[  631739ms] [ERROR] Failed to load resource: the server responded with a status of 500 (Internal Server Error) @ http://localhost:9898/src/lib/components/file-tree.svelte:0
[  631746ms] [ERROR] [vite] Internal Server Error
/Users/trentbrew/TURTLE/Projects/Sandbox/svelte-wc/app-builder/src/lib/components/file-tree.svelte:247:12 Unexpected end of input
https://svelte.dev/e/unexpected_eof

- Did you forget to add a lang attribute to your style tag?
- Did you forget to add a style preprocessor? See https://github.com/sveltejs/vite-plugin-svelte/blob/main/docs/preprocess.md for more information.
 @ http://localhost:9898/@vite/client:999
[  631794ms] [WARNING] The next HMR update will cause the page to reload @ http://localhost:9898/node_modules/.pnpm/@sveltejs+kit@2.65.1_@opentelemetry+api@1.9.1_@sveltejs+vite-plugin-svelte@5.1.1_svelte_3c8e8ea26ccb90fc2477dcb70de6ce91/node_modules/@sveltejs/kit/src/runtime/client/client.js?v=0c5e908e:3387
[  631794ms] [ERROR] TypeError: Failed to fetch dynamically imported module: http://localhost:9898/.svelte-kit/generated/client/nodes/4.js?t=1787588423032 @ http://localhost:9898/@fs/Users/trentbrew/TURTLE/Projects/Sandbox/svelte-wc/app-builder/.svelte-kit/generated/client/app.js:40
[  632357ms] [ERROR] Failed to load resource: the server responded with a status of 500 (Internal Server Error) @ http://localhost:9898/src/lib/components/file-tree.svelte:0
[  632401ms] [ERROR] [vite] Internal Server Error
/Users/trentbrew/TURTLE/Projects/Sandbox/svelte-wc/app-builder/src/lib/components/file-tree.svelte:247:12 Unexpected end of input
https://svelte.dev/e/unexpected_eof

- Did you forget to add a lang attribute to your style tag?
- Did you forget to add a style preprocessor? See https://github.com/sveltejs/vite-plugin-svelte/blob/main/docs/preprocess.md for more information.
 @ http://localhost:9898/@vite/client:999
[  632416ms] [WARNING] The next HMR update will cause the page to reload @ http://localhost:9898/node_modules/.pnpm/@sveltejs+kit@2.65.1_@opentelemetry+api@1.9.1_@sveltejs+vite-plugin-svelte@5.1.1_svelte_3c8e8ea26ccb90fc2477dcb70de6ce91/node_modules/@sveltejs/kit/src/runtime/client/client.js?v=0c5e908e:3387
[  632416ms] [ERROR] TypeError: Failed to fetch dynamically imported module: http://localhost:9898/.svelte-kit/generated/client/nodes/4.js?t=1787588423032 @ http://localhost:9898/@fs/Users/trentbrew/TURTLE/Projects/Sandbox/svelte-wc/app-builder/.svelte-kit/generated/client/app.js:40
[  633229ms] [ERROR] Failed to load resource: the server responded with a status of 500 (Internal Server Error) @ http://localhost:9898/src/lib/components/file-tree.svelte:0
[  633232ms] [ERROR] [vite] Internal Server Error
/Users/trentbrew/TURTLE/Projects/Sandbox/svelte-wc/app-builder/src/lib/components/file-tree.svelte:247:12 Unexpected end of input
https://svelte.dev/e/unexpected_eof

- Did you forget to add a lang attribute to your style tag?
- Did you forget to add a style preprocessor? See https://github.com/sveltejs/vite-plugin-svelte/blob/main/docs/preprocess.md for more information.
 @ http://localhost:9898/@vite/client:999
[  633335ms] [WARNING] The next HMR update will cause the page to reload @ http://localhost:9898/node_modules/.pnpm/@sveltejs+kit@2.65.1_@opentelemetry+api@1.9.1_@sveltejs+vite-plugin-svelte@5.1.1_svelte_3c8e8ea26ccb90fc2477dcb70de6ce91/node_modules/@sveltejs/kit/src/runtime/client/client.js?v=0c5e908e:3387
[  633335ms] [ERROR] TypeError: Failed to fetch dynamically imported module: http://localhost:9898/.svelte-kit/generated/client/nodes/4.js?t=1787588423032 @ http://localhost:9898/@fs/Users/trentbrew/TURTLE/Projects/Sandbox/svelte-wc/app-builder/.svelte-kit/generated/client/app.js:40
[  633870ms] [ERROR] Failed to load resource: the server responded with a status of 500 (Internal Server Error) @ http://localhost:9898/src/lib/components/file-tree.svelte:0
[  633879ms] [ERROR] [vite] Internal Server Error
/Users/trentbrew/TURTLE/Projects/Sandbox/svelte-wc/app-builder/src/lib/components/file-tree.svelte:247:12 Unexpected end of input
https://svelte.dev/e/unexpected_eof

- Did you forget to add a lang attribute to your style tag?
- Did you forget to add a style preprocessor? See https://github.com/sveltejs/vite-plugin-svelte/blob/main/docs/preprocess.md for more information.
 @ http://localhost:9898/@vite/client:999
[  633929ms] [WARNING] The next HMR update will cause the page to reload @ http://localhost:9898/node_modules/.pnpm/@sveltejs+kit@2.65.1_@opentelemetry+api@1.9.1_@sveltejs+vite-plugin-svelte@5.1.1_svelte_3c8e8ea26ccb90fc2477dcb70de6ce91/node_modules/@sveltejs/kit/src/runtime/client/client.js?v=0c5e908e:3387
[  633929ms] [ERROR] TypeError: Failed to fetch dynamically imported module: http://localhost:9898/.svelte-kit/generated/client/nodes/4.js?t=1787588423032 @ http://localhost:9898/@fs/Users/trentbrew/TURTLE/Projects/Sandbox/svelte-wc/app-builder/.svelte-kit/generated/client/app.js:40
[  634376ms] [ERROR] Failed to load resource: the server responded with a status of 500 (Internal Server Error) @ http://localhost:9898/src/lib/components/file-tree.svelte:0
[  634384ms] [ERROR] [vite] Internal Server Error
/Users/trentbrew/TURTLE/Projects/Sandbox/svelte-wc/app-builder/src/lib/components/file-tree.svelte:247:12 Unexpected end of input
https://svelte.dev/e/unexpected_eof

- Did you forget to add a lang attribute to your style tag?
- Did you forget to add a style preprocessor? See https://github.com/sveltejs/vite-plugin-svelte/blob/main/docs/preprocess.md for more information.
 @ http://localhost:9898/@vite/client:999
[  634436ms] [WARNING] The next HMR update will cause the page to reload @ http://localhost:9898/node_modules/.pnpm/@sveltejs+kit@2.65.1_@opentelemetry+api@1.9.1_@sveltejs+vite-plugin-svelte@5.1.1_svelte_3c8e8ea26ccb90fc2477dcb70de6ce91/node_modules/@sveltejs/kit/src/runtime/client/client.js?v=0c5e908e:3387
[  634436ms] [ERROR] TypeError: Failed to fetch dynamically imported module: http://localhost:9898/.svelte-kit/generated/client/nodes/4.js?t=1787588423032 @ http://localhost:9898/@fs/Users/trentbrew/TURTLE/Projects/Sandbox/svelte-wc/app-builder/.svelte-kit/generated/client/app.js:40
[  634989ms] [ERROR] Failed to load resource: the server responded with a status of 500 (Internal Server Error) @ http://localhost:9898/src/lib/components/file-tree.svelte:0
[  634997ms] [ERROR] [vite] Internal Server Error
/Users/trentbrew/TURTLE/Projects/Sandbox/svelte-wc/app-builder/src/lib/components/file-tree.svelte:247:12 Unexpected end of input
https://svelte.dev/e/unexpected_eof

- Did you forget to add a lang attribute to your style tag?
- Did you forget to add a style preprocessor? See https://github.com/sveltejs/vite-plugin-svelte/blob/main/docs/preprocess.md for more information.
 @ http://localhost:9898/@vite/client:999
[  635045ms] [WARNING] The next HMR update will cause the page to reload @ http://localhost:9898/node_modules/.pnpm/@sveltejs+kit@2.65.1_@opentelemetry+api@1.9.1_@sveltejs+vite-plugin-svelte@5.1.1_svelte_3c8e8ea26ccb90fc2477dcb70de6ce91/node_modules/@sveltejs/kit/src/runtime/client/client.js?v=0c5e908e:3387
[  635045ms] [ERROR] TypeError: Failed to fetch dynamically imported module: http://localhost:9898/.svelte-kit/generated/client/nodes/4.js?t=1787588423032 @ http://localhost:9898/@fs/Users/trentbrew/TURTLE/Projects/Sandbox/svelte-wc/app-builder/.svelte-kit/generated/client/app.js:40
[  635604ms] [ERROR] Failed to load resource: the server responded with a status of 500 (Internal Server Error) @ http://localhost:9898/src/lib/components/file-tree.svelte:0
[  635611ms] [ERROR] [vite] Internal Server Error
/Users/trentbrew/TURTLE/Projects/Sandbox/svelte-wc/app-builder/src/lib/components/file-tree.svelte:247:12 Unexpected end of input
https://svelte.dev/e/unexpected_eof

- Did you forget to add a lang attribute to your style tag?
- Did you forget to add a style preprocessor? See https://github.com/sveltejs/vite-plugin-svelte/blob/main/docs/preprocess.md for more information.
 @ http://localhost:9898/@vite/client:999
[  635660ms] [WARNING] The next HMR update will cause the page to reload @ http://localhost:9898/node_modules/.pnpm/@sveltejs+kit@2.65.1_@opentelemetry+api@1.9.1_@sveltejs+vite-plugin-svelte@5.1.1_svelte_3c8e8ea26ccb90fc2477dcb70de6ce91/node_modules/@sveltejs/kit/src/runtime/client/client.js?v=0c5e908e:3387
[  635660ms] [ERROR] TypeError: Failed to fetch dynamically imported module: http://localhost:9898/.svelte-kit/generated/client/nodes/4.js?t=1787588423032 @ http://localhost:9898/@fs/Users/trentbrew/TURTLE/Projects/Sandbox/svelte-wc/app-builder/.svelte-kit/generated/client/app.js:40
[  636135ms] [ERROR] Failed to load resource: the server responded with a status of 500 (Internal Server Error) @ http://localhost:9898/src/lib/components/file-tree.svelte:0
[  636139ms] [ERROR] [vite] Internal Server Error
/Users/trentbrew/TURTLE/Projects/Sandbox/svelte-wc/app-builder/src/lib/components/file-tree.svelte:247:12 Unexpected end of input
https://svelte.dev/e/unexpected_eof

- Did you forget to add a lang attribute to your style tag?
- Did you forget to add a style preprocessor? See https://github.com/sveltejs/vite-plugin-svelte/blob/main/docs/preprocess.md for more information.
 @ http://localhost:9898/@vite/client:999
[  636151ms] [WARNING] The next HMR update will cause the page to reload @ http://localhost:9898/node_modules/.pnpm/@sveltejs+kit@2.65.1_@opentelemetry+api@1.9.1_@sveltejs+vite-plugin-svelte@5.1.1_svelte_3c8e8ea26ccb90fc2477dcb70de6ce91/node_modules/@sveltejs/kit/src/runtime/client/client.js?v=0c5e908e:3387
[  636151ms] [ERROR] TypeError: Failed to fetch dynamically imported module: http://localhost:9898/.svelte-kit/generated/client/nodes/4.js?t=1787588423032 @ http://localhost:9898/@fs/Users/trentbrew/TURTLE/Projects/Sandbox/svelte-wc/app-builder/.svelte-kit/generated/client/app.js:40
[  636587ms] [ERROR] Failed to load resource: the server responded with a status of 500 (Internal Server Error) @ http://localhost:9898/src/lib/components/file-tree.svelte:0
[  636628ms] [ERROR] [vite] Internal Server Error
/Users/trentbrew/TURTLE/Projects/Sandbox/svelte-wc/app-builder/src/lib/components/file-tree.svelte:247:12 Unexpected end of input
https://svelte.dev/e/unexpected_eof

- Did you forget to add a lang attribute to your style tag?
- Did you forget to add a style preprocessor? See https://github.com/sveltejs/vite-plugin-svelte/blob/main/docs/preprocess.md for more information.
 @ http://localhost:9898/@vite/client:999
[  636642ms] [WARNING] The next HMR update will cause the page to reload @ http://localhost:9898/node_modules/.pnpm/@sveltejs+kit@2.65.1_@opentelemetry+api@1.9.1_@sveltejs+vite-plugin-svelte@5.1.1_svelte_3c8e8ea26ccb90fc2477dcb70de6ce91/node_modules/@sveltejs/kit/src/runtime/client/client.js?v=0c5e908e:3387
[  636642ms] [ERROR] TypeError: Failed to fetch dynamically imported module: http://localhost:9898/.svelte-kit/generated/client/nodes/4.js?t=1787588423032 @ http://localhost:9898/@fs/Users/trentbrew/TURTLE/Projects/Sandbox/svelte-wc/app-builder/.svelte-kit/generated/client/app.js:40
[  637248ms] [ERROR] Failed to load resource: the server responded with a status of 500 (Internal Server Error) @ http://localhost:9898/src/lib/components/file-tree.svelte:0
[  637256ms] [ERROR] [vite] Internal Server Error
/Users/trentbrew/TURTLE/Projects/Sandbox/svelte-wc/app-builder/src/lib/components/file-tree.svelte:247:12 Unexpected end of input
https://svelte.dev/e/unexpected_eof

- Did you forget to add a lang attribute to your style tag?
- Did you forget to add a style preprocessor? See https://github.com/sveltejs/vite-plugin-svelte/blob/main/docs/preprocess.md for more information.
 @ http://localhost:9898/@vite/client:999
[  637304ms] [WARNING] The next HMR update will cause the page to reload @ http://localhost:9898/node_modules/.pnpm/@sveltejs+kit@2.65.1_@opentelemetry+api@1.9.1_@sveltejs+vite-plugin-svelte@5.1.1_svelte_3c8e8ea26ccb90fc2477dcb70de6ce91/node_modules/@sveltejs/kit/src/runtime/client/client.js?v=0c5e908e:3387
[  637304ms] [ERROR] TypeError: Failed to fetch dynamically imported module: http://localhost:9898/.svelte-kit/generated/client/nodes/4.js?t=1787588433464 @ http://localhost:9898/@fs/Users/trentbrew/TURTLE/Projects/Sandbox/svelte-wc/app-builder/.svelte-kit/generated/client/app.js:40
[  637788ms] [ERROR] Failed to load resource: the server responded with a status of 500 (Internal Server Error) @ http://localhost:9898/src/lib/components/file-tree.svelte:0
[  637826ms] [ERROR] [vite] Internal Server Error
/Users/trentbrew/TURTLE/Projects/Sandbox/svelte-wc/app-builder/src/lib/components/file-tree.svelte:247:12 Unexpected end of input
https://svelte.dev/e/unexpected_eof

- Did you forget to add a lang attribute to your style tag?
- Did you forget to add a style preprocessor? See https://github.com/sveltejs/vite-plugin-svelte/blob/main/docs/preprocess.md for more information.
 @ http://localhost:9898/@vite/client:999
[  637839ms] [WARNING] The next HMR update will cause the page to reload @ http://localhost:9898/node_modules/.pnpm/@sveltejs+kit@2.65.1_@opentelemetry+api@1.9.1_@sveltejs+vite-plugin-svelte@5.1.1_svelte_3c8e8ea26ccb90fc2477dcb70de6ce91/node_modules/@sveltejs/kit/src/runtime/client/client.js?v=0c5e908e:3387
[  637839ms] [ERROR] TypeError: Failed to fetch dynamically imported module: http://localhost:9898/.svelte-kit/generated/client/nodes/4.js?t=1787588433464 @ http://localhost:9898/@fs/Users/trentbrew/TURTLE/Projects/Sandbox/svelte-wc/app-builder/.svelte-kit/generated/client/app.js:40
[  638443ms] [ERROR] Failed to load resource: the server responded with a status of 500 (Internal Server Error) @ http://localhost:9898/src/lib/components/file-tree.svelte:0
[  638471ms] [ERROR] [vite] Internal Server Error
/Users/trentbrew/TURTLE/Projects/Sandbox/svelte-wc/app-builder/src/lib/components/file-tree.svelte:247:12 Unexpected end of input
https://svelte.dev/e/unexpected_eof

- Did you forget to add a lang attribute to your style tag?
- Did you forget to add a style preprocessor? See https://github.com/sveltejs/vite-plugin-svelte/blob/main/docs/preprocess.md for more information.
 @ http://localhost:9898/@vite/client:999
[  638520ms] [WARNING] The next HMR update will cause the page to reload @ http://localhost:9898/node_modules/.pnpm/@sveltejs+kit@2.65.1_@opentelemetry+api@1.9.1_@sveltejs+vite-plugin-svelte@5.1.1_svelte_3c8e8ea26ccb90fc2477dcb70de6ce91/node_modules/@sveltejs/kit/src/runtime/client/client.js?v=0c5e908e:3387
[  638521ms] [ERROR] TypeError: Failed to fetch dynamically imported module: http://localhost:9898/.svelte-kit/generated/client/nodes/4.js?t=1787588433464 @ http://localhost:9898/@fs/Users/trentbrew/TURTLE/Projects/Sandbox/svelte-wc/app-builder/.svelte-kit/generated/client/app.js:40
[  639103ms] [ERROR] Failed to load resource: the server responded with a status of 500 (Internal Server Error) @ http://localhost:9898/src/lib/components/file-tree.svelte:0
[  639110ms] [ERROR] [vite] Internal Server Error
/Users/trentbrew/TURTLE/Projects/Sandbox/svelte-wc/app-builder/src/lib/components/file-tree.svelte:247:12 Unexpected end of input
https://svelte.dev/e/unexpected_eof

- Did you forget to add a lang attribute to your style tag?
- Did you forget to add a style preprocessor? See https://github.com/sveltejs/vite-plugin-svelte/blob/main/docs/preprocess.md for more information.
 @ http://localhost:9898/@vite/client:999
[  639162ms] [WARNING] The next HMR update will cause the page to reload @ http://localhost:9898/node_modules/.pnpm/@sveltejs+kit@2.65.1_@opentelemetry+api@1.9.1_@sveltejs+vite-plugin-svelte@5.1.1_svelte_3c8e8ea26ccb90fc2477dcb70de6ce91/node_modules/@sveltejs/kit/src/runtime/client/client.js?v=0c5e908e:3387
[  639162ms] [ERROR] TypeError: Failed to fetch dynamically imported module: http://localhost:9898/.svelte-kit/generated/client/nodes/4.js?t=1787588433464 @ http://localhost:9898/@fs/Users/trentbrew/TURTLE/Projects/Sandbox/svelte-wc/app-builder/.svelte-kit/generated/client/app.js:40
[  639611ms] [ERROR] Failed to load resource: the server responded with a status of 500 (Internal Server Error) @ http://localhost:9898/src/lib/components/file-tree.svelte:0
[  639619ms] [ERROR] [vite] Internal Server Error
/Users/trentbrew/TURTLE/Projects/Sandbox/svelte-wc/app-builder/src/lib/components/file-tree.svelte:247:12 Unexpected end of input
https://svelte.dev/e/unexpected_eof

- Did you forget to add a lang attribute to your style tag?
- Did you forget to add a style preprocessor? See https://github.com/sveltejs/vite-plugin-svelte/blob/main/docs/preprocess.md for more information.
 @ http://localhost:9898/@vite/client:999
[  639665ms] [WARNING] The next HMR update will cause the page to reload @ http://localhost:9898/node_modules/.pnpm/@sveltejs+kit@2.65.1_@opentelemetry+api@1.9.1_@sveltejs+vite-plugin-svelte@5.1.1_svelte_3c8e8ea26ccb90fc2477dcb70de6ce91/node_modules/@sveltejs/kit/src/runtime/client/client.js?v=0c5e908e:3387
[  639665ms] [ERROR] TypeError: Failed to fetch dynamically imported module: http://localhost:9898/.svelte-kit/generated/client/nodes/4.js?t=1787588433464 @ http://localhost:9898/@fs/Users/trentbrew/TURTLE/Projects/Sandbox/svelte-wc/app-builder/.svelte-kit/generated/client/app.js:40
[  640360ms] [ERROR] Failed to load resource: the server responded with a status of 500 (Internal Server Error) @ http://localhost:9898/src/lib/components/file-tree.svelte:0
[  640403ms] [ERROR] [vite] Internal Server Error
/Users/trentbrew/TURTLE/Projects/Sandbox/svelte-wc/app-builder/src/lib/components/file-tree.svelte:247:12 Unexpected end of input
https://svelte.dev/e/unexpected_eof

- Did you forget to add a lang attribute to your style tag?
- Did you forget to add a style preprocessor? See https://github.com/sveltejs/vite-plugin-svelte/blob/main/docs/preprocess.md for more information.
 @ http://localhost:9898/@vite/client:999
[  640417ms] [WARNING] The next HMR update will cause the page to reload @ http://localhost:9898/node_modules/.pnpm/@sveltejs+kit@2.65.1_@opentelemetry+api@1.9.1_@sveltejs+vite-plugin-svelte@5.1.1_svelte_3c8e8ea26ccb90fc2477dcb70de6ce91/node_modules/@sveltejs/kit/src/runtime/client/client.js?v=0c5e908e:3387
[  640417ms] [ERROR] TypeError: Failed to fetch dynamically imported module: http://localhost:9898/.svelte-kit/generated/client/nodes/4.js?t=1787588433464 @ http://localhost:9898/@fs/Users/trentbrew/TURTLE/Projects/Sandbox/svelte-wc/app-builder/.svelte-kit/generated/client/app.js:40
[  641036ms] [ERROR] Failed to load resource: the server responded with a status of 500 (Internal Server Error) @ http://localhost:9898/src/lib/components/file-tree.svelte:0
[  641059ms] [ERROR] [vite] Internal Server Error
/Users/trentbrew/TURTLE/Projects/Sandbox/svelte-wc/app-builder/src/lib/components/file-tree.svelte:247:12 Unexpected end of input
https://svelte.dev/e/unexpected_eof

- Did you forget to add a lang attribute to your style tag?
- Did you forget to add a style preprocessor? See https://github.com/sveltejs/vite-plugin-svelte/blob/main/docs/preprocess.md for more information.
 @ http://localhost:9898/@vite/client:999
[  641110ms] [WARNING] The next HMR update will cause the page to reload @ http://localhost:9898/node_modules/.pnpm/@sveltejs+kit@2.65.1_@opentelemetry+api@1.9.1_@sveltejs+vite-plugin-svelte@5.1.1_svelte_3c8e8ea26ccb90fc2477dcb70de6ce91/node_modules/@sveltejs/kit/src/runtime/client/client.js?v=0c5e908e:3387
[  641111ms] [ERROR] TypeError: Failed to fetch dynamically imported module: http://localhost:9898/.svelte-kit/generated/client/nodes/4.js?t=1787588433464 @ http://localhost:9898/@fs/Users/trentbrew/TURTLE/Projects/Sandbox/svelte-wc/app-builder/.svelte-kit/generated/client/app.js:40
[  641841ms] [ERROR] [vite] Internal Server Error
/Users/trentbrew/TURTLE/Projects/Sandbox/svelte-wc/app-builder/src/lib/components/file-tree.svelte:247:12 Unexpected end of input
https://svelte.dev/e/unexpected_eof

- Did you forget to add a lang attribute to your style tag?
- Did you forget to add a style preprocessor? See https://github.com/sveltejs/vite-plugin-svelte/blob/main/docs/preprocess.md for more information.
 @ http://localhost:9898/@vite/client:999
[  641841ms] [ERROR] Failed to load resource: the server responded with a status of 500 (Internal Server Error) @ http://localhost:9898/src/lib/components/file-tree.svelte:0
[  641880ms] [WARNING] The next HMR update will cause the page to reload @ http://localhost:9898/node_modules/.pnpm/@sveltejs+kit@2.65.1_@opentelemetry+api@1.9.1_@sveltejs+vite-plugin-svelte@5.1.1_svelte_3c8e8ea26ccb90fc2477dcb70de6ce91/node_modules/@sveltejs/kit/src/runtime/client/client.js?v=0c5e908e:3387
[  641880ms] [ERROR] TypeError: Failed to fetch dynamically imported module: http://localhost:9898/.svelte-kit/generated/client/nodes/4.js?t=1787588437929 @ http://localhost:9898/@fs/Users/trentbrew/TURTLE/Projects/Sandbox/svelte-wc/app-builder/.svelte-kit/generated/client/app.js:40
[  642365ms] [ERROR] Failed to load resource: the server responded with a status of 500 (Internal Server Error) @ http://localhost:9898/src/lib/components/file-tree.svelte:0
[  642404ms] [ERROR] [vite] Internal Server Error
/Users/trentbrew/TURTLE/Projects/Sandbox/svelte-wc/app-builder/src/lib/components/file-tree.svelte:247:12 Unexpected end of input
https://svelte.dev/e/unexpected_eof

- Did you forget to add a lang attribute to your style tag?
- Did you forget to add a style preprocessor? See https://github.com/sveltejs/vite-plugin-svelte/blob/main/docs/preprocess.md for more information.
 @ http://localhost:9898/@vite/client:999
[  642426ms] [WARNING] The next HMR update will cause the page to reload @ http://localhost:9898/node_modules/.pnpm/@sveltejs+kit@2.65.1_@opentelemetry+api@1.9.1_@sveltejs+vite-plugin-svelte@5.1.1_svelte_3c8e8ea26ccb90fc2477dcb70de6ce91/node_modules/@sveltejs/kit/src/runtime/client/client.js?v=0c5e908e:3387
[  642426ms] [ERROR] TypeError: Failed to fetch dynamically imported module: http://localhost:9898/.svelte-kit/generated/client/nodes/4.js?t=1787588437929 @ http://localhost:9898/@fs/Users/trentbrew/TURTLE/Projects/Sandbox/svelte-wc/app-builder/.svelte-kit/generated/client/app.js:40
[  643035ms] [ERROR] Failed to load resource: the server responded with a status of 500 (Internal Server Error) @ http://localhost:9898/src/lib/components/file-tree.svelte:0
[  643040ms] [ERROR] [vite] Internal Server Error
/Users/trentbrew/TURTLE/Projects/Sandbox/svelte-wc/app-builder/src/lib/components/file-tree.svelte:247:12 Unexpected end of input
https://svelte.dev/e/unexpected_eof

- Did you forget to add a lang attribute to your style tag?
- Did you forget to add a style preprocessor? See https://github.com/sveltejs/vite-plugin-svelte/blob/main/docs/preprocess.md for more information.
 @ http://localhost:9898/@vite/client:999
[  643053ms] [WARNING] The next HMR update will cause the page to reload @ http://localhost:9898/node_modules/.pnpm/@sveltejs+kit@2.65.1_@opentelemetry+api@1.9.1_@sveltejs+vite-plugin-svelte@5.1.1_svelte_3c8e8ea26ccb90fc2477dcb70de6ce91/node_modules/@sveltejs/kit/src/runtime/client/client.js?v=0c5e908e:3387
[  643053ms] [ERROR] TypeError: Failed to fetch dynamically imported module: http://localhost:9898/.svelte-kit/generated/client/nodes/4.js?t=1787588437929 @ http://localhost:9898/@fs/Users/trentbrew/TURTLE/Projects/Sandbox/svelte-wc/app-builder/.svelte-kit/generated/client/app.js:40
[  643589ms] [ERROR] Failed to load resource: the server responded with a status of 500 (Internal Server Error) @ http://localhost:9898/src/lib/components/file-tree.svelte:0
[  643629ms] [ERROR] [vite] Internal Server Error
/Users/trentbrew/TURTLE/Projects/Sandbox/svelte-wc/app-builder/src/lib/components/file-tree.svelte:247:12 Unexpected end of input
https://svelte.dev/e/unexpected_eof

- Did you forget to add a lang attribute to your style tag?
- Did you forget to add a style preprocessor? See https://github.com/sveltejs/vite-plugin-svelte/blob/main/docs/preprocess.md for more information.
 @ http://localhost:9898/@vite/client:999
[  643653ms] [WARNING] The next HMR update will cause the page to reload @ http://localhost:9898/node_modules/.pnpm/@sveltejs+kit@2.65.1_@opentelemetry+api@1.9.1_@sveltejs+vite-plugin-svelte@5.1.1_svelte_3c8e8ea26ccb90fc2477dcb70de6ce91/node_modules/@sveltejs/kit/src/runtime/client/client.js?v=0c5e908e:3387
[  643653ms] [ERROR] TypeError: Failed to fetch dynamically imported module: http://localhost:9898/.svelte-kit/generated/client/nodes/4.js?t=1787588437929 @ http://localhost:9898/@fs/Users/trentbrew/TURTLE/Projects/Sandbox/svelte-wc/app-builder/.svelte-kit/generated/client/app.js:40
[  644109ms] [ERROR] Failed to load resource: the server responded with a status of 500 (Internal Server Error) @ http://localhost:9898/src/lib/components/file-tree.svelte:0
[  644114ms] [ERROR] [vite] Internal Server Error
/Users/trentbrew/TURTLE/Projects/Sandbox/svelte-wc/app-builder/src/lib/components/file-tree.svelte:247:12 Unexpected end of input
https://svelte.dev/e/unexpected_eof

- Did you forget to add a lang attribute to your style tag?
- Did you forget to add a style preprocessor? See https://github.com/sveltejs/vite-plugin-svelte/blob/main/docs/preprocess.md for more information.
 @ http://localhost:9898/@vite/client:999
[  644160ms] [WARNING] The next HMR update will cause the page to reload @ http://localhost:9898/node_modules/.pnpm/@sveltejs+kit@2.65.1_@opentelemetry+api@1.9.1_@sveltejs+vite-plugin-svelte@5.1.1_svelte_3c8e8ea26ccb90fc2477dcb70de6ce91/node_modules/@sveltejs/kit/src/runtime/client/client.js?v=0c5e908e:3387
[  644160ms] [ERROR] TypeError: Failed to fetch dynamically imported module: http://localhost:9898/.svelte-kit/generated/client/nodes/4.js?t=1787588437929 @ http://localhost:9898/@fs/Users/trentbrew/TURTLE/Projects/Sandbox/svelte-wc/app-builder/.svelte-kit/generated/client/app.js:40
[  644831ms] [ERROR] [vite] Internal Server Error
/Users/trentbrew/TURTLE/Projects/Sandbox/svelte-wc/app-builder/src/lib/components/file-tree.svelte:247:12 Unexpected end of input
https://svelte.dev/e/unexpected_eof

- Did you forget to add a lang attribute to your style tag?
- Did you forget to add a style preprocessor? See https://github.com/sveltejs/vite-plugin-svelte/blob/main/docs/preprocess.md for more information.
 @ http://localhost:9898/@vite/client:999
[  644832ms] [ERROR] Failed to load resource: the server responded with a status of 500 (Internal Server Error) @ http://localhost:9898/src/lib/components/file-tree.svelte:0
[  644886ms] [WARNING] The next HMR update will cause the page to reload @ http://localhost:9898/node_modules/.pnpm/@sveltejs+kit@2.65.1_@opentelemetry+api@1.9.1_@sveltejs+vite-plugin-svelte@5.1.1_svelte_3c8e8ea26ccb90fc2477dcb70de6ce91/node_modules/@sveltejs/kit/src/runtime/client/client.js?v=0c5e908e:3387
[  644887ms] [ERROR] TypeError: Failed to fetch dynamically imported module: http://localhost:9898/.svelte-kit/generated/client/nodes/4.js?t=1787588437929 @ http://localhost:9898/@fs/Users/trentbrew/TURTLE/Projects/Sandbox/svelte-wc/app-builder/.svelte-kit/generated/client/app.js:40
[  645426ms] [ERROR] Failed to load resource: the server responded with a status of 500 (Internal Server Error) @ http://localhost:9898/src/lib/components/file-tree.svelte:0
[  645431ms] [ERROR] [vite] Internal Server Error
/Users/trentbrew/TURTLE/Projects/Sandbox/svelte-wc/app-builder/src/lib/components/file-tree.svelte:247:12 Unexpected end of input
https://svelte.dev/e/unexpected_eof

- Did you forget to add a lang attribute to your style tag?
- Did you forget to add a style preprocessor? See https://github.com/sveltejs/vite-plugin-svelte/blob/main/docs/preprocess.md for more information.
 @ http://localhost:9898/@vite/client:999
[  645480ms] [WARNING] The next HMR update will cause the page to reload @ http://localhost:9898/node_modules/.pnpm/@sveltejs+kit@2.65.1_@opentelemetry+api@1.9.1_@sveltejs+vite-plugin-svelte@5.1.1_svelte_3c8e8ea26ccb90fc2477dcb70de6ce91/node_modules/@sveltejs/kit/src/runtime/client/client.js?v=0c5e908e:3387
[  645480ms] [ERROR] TypeError: Failed to fetch dynamically imported module: http://localhost:9898/.svelte-kit/generated/client/nodes/4.js?t=1787588437929 @ http://localhost:9898/@fs/Users/trentbrew/TURTLE/Projects/Sandbox/svelte-wc/app-builder/.svelte-kit/generated/client/app.js:40
[  646025ms] [ERROR] Failed to load resource: the server responded with a status of 500 (Internal Server Error) @ http://localhost:9898/src/lib/components/file-tree.svelte:0
[  646066ms] [ERROR] [vite] Internal Server Error
/Users/trentbrew/TURTLE/Projects/Sandbox/svelte-wc/app-builder/src/lib/components/file-tree.svelte:247:12 Unexpected end of input
https://svelte.dev/e/unexpected_eof

- Did you forget to add a lang attribute to your style tag?
- Did you forget to add a style preprocessor? See https://github.com/sveltejs/vite-plugin-svelte/blob/main/docs/preprocess.md for more information.
 @ http://localhost:9898/@vite/client:999
[  646086ms] [WARNING] The next HMR update will cause the page to reload @ http://localhost:9898/node_modules/.pnpm/@sveltejs+kit@2.65.1_@opentelemetry+api@1.9.1_@sveltejs+vite-plugin-svelte@5.1.1_svelte_3c8e8ea26ccb90fc2477dcb70de6ce91/node_modules/@sveltejs/kit/src/runtime/client/client.js?v=0c5e908e:3387
[  646086ms] [ERROR] TypeError: Failed to fetch dynamically imported module: http://localhost:9898/.svelte-kit/generated/client/nodes/4.js?t=1787588437929 @ http://localhost:9898/@fs/Users/trentbrew/TURTLE/Projects/Sandbox/svelte-wc/app-builder/.svelte-kit/generated/client/app.js:40
[  646747ms] [ERROR] Failed to load resource: the server responded with a status of 500 (Internal Server Error) @ http://localhost:9898/src/lib/components/file-tree.svelte:0
[  646753ms] [ERROR] [vite] Internal Server Error
/Users/trentbrew/TURTLE/Projects/Sandbox/svelte-wc/app-builder/src/lib/components/file-tree.svelte:247:12 Unexpected end of input
https://svelte.dev/e/unexpected_eof

- Did you forget to add a lang attribute to your style tag?
- Did you forget to add a style preprocessor? See https://github.com/sveltejs/vite-plugin-svelte/blob/main/docs/preprocess.md for more information.
 @ http://localhost:9898/@vite/client:999
[  646771ms] [WARNING] The next HMR update will cause the page to reload @ http://localhost:9898/node_modules/.pnpm/@sveltejs+kit@2.65.1_@opentelemetry+api@1.9.1_@sveltejs+vite-plugin-svelte@5.1.1_svelte_3c8e8ea26ccb90fc2477dcb70de6ce91/node_modules/@sveltejs/kit/src/runtime/client/client.js?v=0c5e908e:3387
[  646771ms] [ERROR] TypeError: Failed to fetch dynamically imported module: http://localhost:9898/.svelte-kit/generated/client/nodes/4.js?t=1787588437929 @ http://localhost:9898/@fs/Users/trentbrew/TURTLE/Projects/Sandbox/svelte-wc/app-builder/.svelte-kit/generated/client/app.js:40
[  647263ms] [ERROR] Failed to load resource: the server responded with a status of 500 (Internal Server Error) @ http://localhost:9898/src/lib/components/file-tree.svelte:0
[  647287ms] [ERROR] [vite] Internal Server Error
/Users/trentbrew/TURTLE/Projects/Sandbox/svelte-wc/app-builder/src/lib/components/file-tree.svelte:247:12 Unexpected end of input
https://svelte.dev/e/unexpected_eof

- Did you forget to add a lang attribute to your style tag?
- Did you forget to add a style preprocessor? See https://github.com/sveltejs/vite-plugin-svelte/blob/main/docs/preprocess.md for more information.
 @ http://localhost:9898/@vite/client:999
[  647308ms] [WARNING] The next HMR update will cause the page to reload @ http://localhost:9898/node_modules/.pnpm/@sveltejs+kit@2.65.1_@opentelemetry+api@1.9.1_@sveltejs+vite-plugin-svelte@5.1.1_svelte_3c8e8ea26ccb90fc2477dcb70de6ce91/node_modules/@sveltejs/kit/src/runtime/client/client.js?v=0c5e908e:3387
[  647308ms] [ERROR] TypeError: Failed to fetch dynamically imported module: http://localhost:9898/.svelte-kit/generated/client/nodes/4.js?t=1787588437929 @ http://localhost:9898/@fs/Users/trentbrew/TURTLE/Projects/Sandbox/svelte-wc/app-builder/.svelte-kit/generated/client/app.js:40
[  647796ms] [ERROR] Failed to load resource: the server responded with a status of 500 (Internal Server Error) @ http://localhost:9898/src/lib/components/file-tree.svelte:0
[  647802ms] [ERROR] [vite] Internal Server Error
/Users/trentbrew/TURTLE/Projects/Sandbox/svelte-wc/app-builder/src/lib/components/file-tree.svelte:247:12 Unexpected end of input
https://svelte.dev/e/unexpected_eof

- Did you forget to add a lang attribute to your style tag?
- Did you forget to add a style preprocessor? See https://github.com/sveltejs/vite-plugin-svelte/blob/main/docs/preprocess.md for more information.
 @ http://localhost:9898/@vite/client:999
[  647851ms] [WARNING] The next HMR update will cause the page to reload @ http://localhost:9898/node_modules/.pnpm/@sveltejs+kit@2.65.1_@opentelemetry+api@1.9.1_@sveltejs+vite-plugin-svelte@5.1.1_svelte_3c8e8ea26ccb90fc2477dcb70de6ce91/node_modules/@sveltejs/kit/src/runtime/client/client.js?v=0c5e908e:3387
[  647851ms] [ERROR] TypeError: Failed to fetch dynamically imported module: http://localhost:9898/.svelte-kit/generated/client/nodes/4.js?t=1787588437929 @ http://localhost:9898/@fs/Users/trentbrew/TURTLE/Projects/Sandbox/svelte-wc/app-builder/.svelte-kit/generated/client/app.js:40
[  648470ms] [ERROR] Failed to load resource: the server responded with a status of 500 (Internal Server Error) @ http://localhost:9898/src/lib/components/file-tree.svelte:0
[  648476ms] [ERROR] [vite] Internal Server Error
/Users/trentbrew/TURTLE/Projects/Sandbox/svelte-wc/app-builder/src/lib/components/file-tree.svelte:247:12 Unexpected end of input
https://svelte.dev/e/unexpected_eof

- Did you forget to add a lang attribute to your style tag?
- Did you forget to add a style preprocessor? See https://github.com/sveltejs/vite-plugin-svelte/blob/main/docs/preprocess.md for more information.
 @ http://localhost:9898/@vite/client:999
[  648524ms] [WARNING] The next HMR update will cause the page to reload @ http://localhost:9898/node_modules/.pnpm/@sveltejs+kit@2.65.1_@opentelemetry+api@1.9.1_@sveltejs+vite-plugin-svelte@5.1.1_svelte_3c8e8ea26ccb90fc2477dcb70de6ce91/node_modules/@sveltejs/kit/src/runtime/client/client.js?v=0c5e908e:3387
[  648524ms] [ERROR] TypeError: Failed to fetch dynamically imported module: http://localhost:9898/.svelte-kit/generated/client/nodes/4.js?t=1787588437929 @ http://localhost:9898/@fs/Users/trentbrew/TURTLE/Projects/Sandbox/svelte-wc/app-builder/.svelte-kit/generated/client/app.js:40
[  649178ms] [ERROR] Failed to load resource: the server responded with a status of 500 (Internal Server Error) @ http://localhost:9898/src/lib/components/file-tree.svelte:0
[  649184ms] [ERROR] [vite] Internal Server Error
/Users/trentbrew/TURTLE/Projects/Sandbox/svelte-wc/app-builder/src/lib/components/file-tree.svelte:247:12 Unexpected end of input
https://svelte.dev/e/unexpected_eof

- Did you forget to add a lang attribute to your style tag?
- Did you forget to add a style preprocessor? See https://github.com/sveltejs/vite-plugin-svelte/blob/main/docs/preprocess.md for more information.
 @ http://localhost:9898/@vite/client:999
[  649231ms] [WARNING] The next HMR update will cause the page to reload @ http://localhost:9898/node_modules/.pnpm/@sveltejs+kit@2.65.1_@opentelemetry+api@1.9.1_@sveltejs+vite-plugin-svelte@5.1.1_svelte_3c8e8ea26ccb90fc2477dcb70de6ce91/node_modules/@sveltejs/kit/src/runtime/client/client.js?v=0c5e908e:3387
[  649231ms] [ERROR] TypeError: Failed to fetch dynamically imported module: http://localhost:9898/.svelte-kit/generated/client/nodes/4.js?t=1787588437929 @ http://localhost:9898/@fs/Users/trentbrew/TURTLE/Projects/Sandbox/svelte-wc/app-builder/.svelte-kit/generated/client/app.js:40
[  649846ms] [ERROR] Failed to load resource: the server responded with a status of 500 (Internal Server Error) @ http://localhost:9898/src/lib/components/file-tree.svelte:0
[  649851ms] [ERROR] [vite] Internal Server Error
/Users/trentbrew/TURTLE/Projects/Sandbox/svelte-wc/app-builder/src/lib/components/file-tree.svelte:247:12 Unexpected end of input
https://svelte.dev/e/unexpected_eof

- Did you forget to add a lang attribute to your style tag?
- Did you forget to add a style preprocessor? See https://github.com/sveltejs/vite-plugin-svelte/blob/main/docs/preprocess.md for more information.
 @ http://localhost:9898/@vite/client:999
[  649865ms] [WARNING] The next HMR update will cause the page to reload @ http://localhost:9898/node_modules/.pnpm/@sveltejs+kit@2.65.1_@opentelemetry+api@1.9.1_@sveltejs+vite-plugin-svelte@5.1.1_svelte_3c8e8ea26ccb90fc2477dcb70de6ce91/node_modules/@sveltejs/kit/src/runtime/client/client.js?v=0c5e908e:3387
[  649866ms] [ERROR] TypeError: Failed to fetch dynamically imported module: http://localhost:9898/.svelte-kit/generated/client/nodes/4.js?t=1787588437929 @ http://localhost:9898/@fs/Users/trentbrew/TURTLE/Projects/Sandbox/svelte-wc/app-builder/.svelte-kit/generated/client/app.js:40
[  650559ms] [ERROR] Failed to load resource: the server responded with a status of 500 (Internal Server Error) @ http://localhost:9898/src/lib/components/file-tree.svelte:0
[  650598ms] [ERROR] [vite] Internal Server Error
/Users/trentbrew/TURTLE/Projects/Sandbox/svelte-wc/app-builder/src/lib/components/file-tree.svelte:247:12 Unexpected end of input
https://svelte.dev/e/unexpected_eof

- Did you forget to add a lang attribute to your style tag?
- Did you forget to add a style preprocessor? See https://github.com/sveltejs/vite-plugin-svelte/blob/main/docs/preprocess.md for more information.
 @ http://localhost:9898/@vite/client:999
[  650612ms] [WARNING] The next HMR update will cause the page to reload @ http://localhost:9898/node_modules/.pnpm/@sveltejs+kit@2.65.1_@opentelemetry+api@1.9.1_@sveltejs+vite-plugin-svelte@5.1.1_svelte_3c8e8ea26ccb90fc2477dcb70de6ce91/node_modules/@sveltejs/kit/src/runtime/client/client.js?v=0c5e908e:3387
[  650612ms] [ERROR] TypeError: Failed to fetch dynamically imported module: http://localhost:9898/.svelte-kit/generated/client/nodes/4.js?t=1787588437929 @ http://localhost:9898/@fs/Users/trentbrew/TURTLE/Projects/Sandbox/svelte-wc/app-builder/.svelte-kit/generated/client/app.js:40
[  651307ms] [ERROR] Failed to load resource: the server responded with a status of 500 (Internal Server Error) @ http://localhost:9898/src/lib/components/file-tree.svelte:0
[  651314ms] [ERROR] [vite] Internal Server Error
/Users/trentbrew/TURTLE/Projects/Sandbox/svelte-wc/app-builder/src/lib/components/file-tree.svelte:247:12 Unexpected end of input
https://svelte.dev/e/unexpected_eof

- Did you forget to add a lang attribute to your style tag?
- Did you forget to add a style preprocessor? See https://github.com/sveltejs/vite-plugin-svelte/blob/main/docs/preprocess.md for more information.
 @ http://localhost:9898/@vite/client:999
[  651363ms] [WARNING] The next HMR update will cause the page to reload @ http://localhost:9898/node_modules/.pnpm/@sveltejs+kit@2.65.1_@opentelemetry+api@1.9.1_@sveltejs+vite-plugin-svelte@5.1.1_svelte_3c8e8ea26ccb90fc2477dcb70de6ce91/node_modules/@sveltejs/kit/src/runtime/client/client.js?v=0c5e908e:3387
[  651363ms] [ERROR] TypeError: Failed to fetch dynamically imported module: http://localhost:9898/.svelte-kit/generated/client/nodes/4.js?t=1787588437929 @ http://localhost:9898/@fs/Users/trentbrew/TURTLE/Projects/Sandbox/svelte-wc/app-builder/.svelte-kit/generated/client/app.js:40
[  652042ms] [ERROR] Failed to load resource: the server responded with a status of 500 (Internal Server Error) @ http://localhost:9898/src/lib/components/file-tree.svelte:0
[  652053ms] [ERROR] [vite] Internal Server Error
/Users/trentbrew/TURTLE/Projects/Sandbox/svelte-wc/app-builder/src/lib/components/file-tree.svelte:247:12 Unexpected end of input
https://svelte.dev/e/unexpected_eof

- Did you forget to add a lang attribute to your style tag?
- Did you forget to add a style preprocessor? See https://github.com/sveltejs/vite-plugin-svelte/blob/main/docs/preprocess.md for more information.
 @ http://localhost:9898/@vite/client:999
[  652101ms] [WARNING] The next HMR update will cause the page to reload @ http://localhost:9898/node_modules/.pnpm/@sveltejs+kit@2.65.1_@opentelemetry+api@1.9.1_@sveltejs+vite-plugin-svelte@5.1.1_svelte_3c8e8ea26ccb90fc2477dcb70de6ce91/node_modules/@sveltejs/kit/src/runtime/client/client.js?v=0c5e908e:3387
[  652101ms] [ERROR] TypeError: Failed to fetch dynamically imported module: http://localhost:9898/.svelte-kit/generated/client/nodes/4.js?t=1787588437929 @ http://localhost:9898/@fs/Users/trentbrew/TURTLE/Projects/Sandbox/svelte-wc/app-builder/.svelte-kit/generated/client/app.js:40
[  652585ms] [ERROR] Failed to load resource: the server responded with a status of 500 (Internal Server Error) @ http://localhost:9898/src/lib/components/file-tree.svelte:0
[  652593ms] [ERROR] [vite] Internal Server Error
/Users/trentbrew/TURTLE/Projects/Sandbox/svelte-wc/app-builder/src/lib/components/file-tree.svelte:247:12 Unexpected end of input
https://svelte.dev/e/unexpected_eof

- Did you forget to add a lang attribute to your style tag?
- Did you forget to add a style preprocessor? See https://github.com/sveltejs/vite-plugin-svelte/blob/main/docs/preprocess.md for more information.
 @ http://localhost:9898/@vite/client:999
[  652640ms] [WARNING] The next HMR update will cause the page to reload @ http://localhost:9898/node_modules/.pnpm/@sveltejs+kit@2.65.1_@opentelemetry+api@1.9.1_@sveltejs+vite-plugin-svelte@5.1.1_svelte_3c8e8ea26ccb90fc2477dcb70de6ce91/node_modules/@sveltejs/kit/src/runtime/client/client.js?v=0c5e908e:3387
[  652640ms] [ERROR] TypeError: Failed to fetch dynamically imported module: http://localhost:9898/.svelte-kit/generated/client/nodes/4.js?t=1787588437929 @ http://localhost:9898/@fs/Users/trentbrew/TURTLE/Projects/Sandbox/svelte-wc/app-builder/.svelte-kit/generated/client/app.js:40
[  653490ms] [ERROR] Failed to load resource: the server responded with a status of 500 (Internal Server Error) @ http://localhost:9898/src/lib/components/file-tree.svelte:0
[  653504ms] [ERROR] [vite] Internal Server Error
/Users/trentbrew/TURTLE/Projects/Sandbox/svelte-wc/app-builder/src/lib/components/file-tree.svelte:247:12 Unexpected end of input
https://svelte.dev/e/unexpected_eof

- Did you forget to add a lang attribute to your style tag?
- Did you forget to add a style preprocessor? See https://github.com/sveltejs/vite-plugin-svelte/blob/main/docs/preprocess.md for more information.
 @ http://localhost:9898/@vite/client:999
[  653558ms] [WARNING] The next HMR update will cause the page to reload @ http://localhost:9898/node_modules/.pnpm/@sveltejs+kit@2.65.1_@opentelemetry+api@1.9.1_@sveltejs+vite-plugin-svelte@5.1.1_svelte_3c8e8ea26ccb90fc2477dcb70de6ce91/node_modules/@sveltejs/kit/src/runtime/client/client.js?v=0c5e908e:3387
[  653558ms] [ERROR] TypeError: Failed to fetch dynamically imported module: http://localhost:9898/.svelte-kit/generated/client/nodes/4.js?t=1787588437929 @ http://localhost:9898/@fs/Users/trentbrew/TURTLE/Projects/Sandbox/svelte-wc/app-builder/.svelte-kit/generated/client/app.js:40
[  654115ms] [ERROR] Failed to load resource: the server responded with a status of 500 (Internal Server Error) @ http://localhost:9898/src/lib/components/file-tree.svelte:0
[  654121ms] [ERROR] [vite] Internal Server Error
/Users/trentbrew/TURTLE/Projects/Sandbox/svelte-wc/app-builder/src/lib/components/file-tree.svelte:247:12 Unexpected end of input
https://svelte.dev/e/unexpected_eof

- Did you forget to add a lang attribute to your style tag?
- Did you forget to add a style preprocessor? See https://github.com/sveltejs/vite-plugin-svelte/blob/main/docs/preprocess.md for more information.
 @ http://localhost:9898/@vite/client:999
[  654170ms] [WARNING] The next HMR update will cause the page to reload @ http://localhost:9898/node_modules/.pnpm/@sveltejs+kit@2.65.1_@opentelemetry+api@1.9.1_@sveltejs+vite-plugin-svelte@5.1.1_svelte_3c8e8ea26ccb90fc2477dcb70de6ce91/node_modules/@sveltejs/kit/src/runtime/client/client.js?v=0c5e908e:3387
[  654171ms] [ERROR] TypeError: Failed to fetch dynamically imported module: http://localhost:9898/.svelte-kit/generated/client/nodes/4.js?t=1787588437929 @ http://localhost:9898/@fs/Users/trentbrew/TURTLE/Projects/Sandbox/svelte-wc/app-builder/.svelte-kit/generated/client/app.js:40
[  654866ms] [ERROR] Failed to load resource: the server responded with a status of 500 (Internal Server Error) @ http://localhost:9898/src/lib/components/file-tree.svelte:0
[  654872ms] [ERROR] [vite] Internal Server Error
/Users/trentbrew/TURTLE/Projects/Sandbox/svelte-wc/app-builder/src/lib/components/file-tree.svelte:247:12 Unexpected end of input
https://svelte.dev/e/unexpected_eof

- Did you forget to add a lang attribute to your style tag?
- Did you forget to add a style preprocessor? See https://github.com/sveltejs/vite-plugin-svelte/blob/main/docs/preprocess.md for more information.
 @ http://localhost:9898/@vite/client:999
[  654918ms] [WARNING] The next HMR update will cause the page to reload @ http://localhost:9898/node_modules/.pnpm/@sveltejs+kit@2.65.1_@opentelemetry+api@1.9.1_@sveltejs+vite-plugin-svelte@5.1.1_svelte_3c8e8ea26ccb90fc2477dcb70de6ce91/node_modules/@sveltejs/kit/src/runtime/client/client.js?v=0c5e908e:3387
[  654919ms] [ERROR] TypeError: Failed to fetch dynamically imported module: http://localhost:9898/.svelte-kit/generated/client/nodes/4.js?t=1787588437929 @ http://localhost:9898/@fs/Users/trentbrew/TURTLE/Projects/Sandbox/svelte-wc/app-builder/.svelte-kit/generated/client/app.js:40
[  655415ms] [ERROR] Failed to load resource: the server responded with a status of 500 (Internal Server Error) @ http://localhost:9898/src/lib/components/file-tree.svelte:0
[  655423ms] [ERROR] [vite] Internal Server Error
/Users/trentbrew/TURTLE/Projects/Sandbox/svelte-wc/app-builder/src/lib/components/file-tree.svelte:247:12 Unexpected end of input
https://svelte.dev/e/unexpected_eof

- Did you forget to add a lang attribute to your style tag?
- Did you forget to add a style preprocessor? See https://github.com/sveltejs/vite-plugin-svelte/blob/main/docs/preprocess.md for more information.
 @ http://localhost:9898/@vite/client:999
[  655484ms] [WARNING] The next HMR update will cause the page to reload @ http://localhost:9898/node_modules/.pnpm/@sveltejs+kit@2.65.1_@opentelemetry+api@1.9.1_@sveltejs+vite-plugin-svelte@5.1.1_svelte_3c8e8ea26ccb90fc2477dcb70de6ce91/node_modules/@sveltejs/kit/src/runtime/client/client.js?v=0c5e908e:3387
[  655484ms] [ERROR] TypeError: Failed to fetch dynamically imported module: http://localhost:9898/.svelte-kit/generated/client/nodes/4.js?t=1787588437929 @ http://localhost:9898/@fs/Users/trentbrew/TURTLE/Projects/Sandbox/svelte-wc/app-builder/.svelte-kit/generated/client/app.js:40
[  656061ms] [ERROR] Failed to load resource: the server responded with a status of 500 (Internal Server Error) @ http://localhost:9898/src/lib/components/file-tree.svelte:0
[  656069ms] [ERROR] [vite] Internal Server Error
/Users/trentbrew/TURTLE/Projects/Sandbox/svelte-wc/app-builder/src/lib/components/file-tree.svelte:247:12 Unexpected end of input
https://svelte.dev/e/unexpected_eof

- Did you forget to add a lang attribute to your style tag?
- Did you forget to add a style preprocessor? See https://github.com/sveltejs/vite-plugin-svelte/blob/main/docs/preprocess.md for more information.
 @ http://localhost:9898/@vite/client:999
[  656116ms] [WARNING] The next HMR update will cause the page to reload @ http://localhost:9898/node_modules/.pnpm/@sveltejs+kit@2.65.1_@opentelemetry+api@1.9.1_@sveltejs+vite-plugin-svelte@5.1.1_svelte_3c8e8ea26ccb90fc2477dcb70de6ce91/node_modules/@sveltejs/kit/src/runtime/client/client.js?v=0c5e908e:3387
[  656116ms] [ERROR] TypeError: Failed to fetch dynamically imported module: http://localhost:9898/.svelte-kit/generated/client/nodes/4.js?t=1787588437929 @ http://localhost:9898/@fs/Users/trentbrew/TURTLE/Projects/Sandbox/svelte-wc/app-builder/.svelte-kit/generated/client/app.js:40
[  656711ms] [ERROR] Failed to load resource: the server responded with a status of 500 (Internal Server Error) @ http://localhost:9898/src/lib/components/file-tree.svelte:0
[  656751ms] [ERROR] [vite] Internal Server Error
/Users/trentbrew/TURTLE/Projects/Sandbox/svelte-wc/app-builder/src/lib/components/file-tree.svelte:247:12 Unexpected end of input
https://svelte.dev/e/unexpected_eof

- Did you forget to add a lang attribute to your style tag?
- Did you forget to add a style preprocessor? See https://github.com/sveltejs/vite-plugin-svelte/blob/main/docs/preprocess.md for more information.
 @ http://localhost:9898/@vite/client:999
[  656764ms] [WARNING] The next HMR update will cause the page to reload @ http://localhost:9898/node_modules/.pnpm/@sveltejs+kit@2.65.1_@opentelemetry+api@1.9.1_@sveltejs+vite-plugin-svelte@5.1.1_svelte_3c8e8ea26ccb90fc2477dcb70de6ce91/node_modules/@sveltejs/kit/src/runtime/client/client.js?v=0c5e908e:3387
[  656764ms] [ERROR] TypeError: Failed to fetch dynamically imported module: http://localhost:9898/.svelte-kit/generated/client/nodes/4.js?t=1787588437929 @ http://localhost:9898/@fs/Users/trentbrew/TURTLE/Projects/Sandbox/svelte-wc/app-builder/.svelte-kit/generated/client/app.js:40
[  657536ms] [ERROR] Failed to load resource: the server responded with a status of 500 (Internal Server Error) @ http://localhost:9898/src/lib/components/file-tree.svelte:0
[  657545ms] [ERROR] [vite] Internal Server Error
/Users/trentbrew/TURTLE/Projects/Sandbox/svelte-wc/app-builder/src/lib/components/file-tree.svelte:247:12 Unexpected end of input
https://svelte.dev/e/unexpected_eof

- Did you forget to add a lang attribute to your style tag?
- Did you forget to add a style preprocessor? See https://github.com/sveltejs/vite-plugin-svelte/blob/main/docs/preprocess.md for more information.
 @ http://localhost:9898/@vite/client:999
[  657591ms] [WARNING] The next HMR update will cause the page to reload @ http://localhost:9898/node_modules/.pnpm/@sveltejs+kit@2.65.1_@opentelemetry+api@1.9.1_@sveltejs+vite-plugin-svelte@5.1.1_svelte_3c8e8ea26ccb90fc2477dcb70de6ce91/node_modules/@sveltejs/kit/src/runtime/client/client.js?v=0c5e908e:3387
[  657592ms] [ERROR] TypeError: Failed to fetch dynamically imported module: http://localhost:9898/.svelte-kit/generated/client/nodes/4.js?t=1787588437929 @ http://localhost:9898/@fs/Users/trentbrew/TURTLE/Projects/Sandbox/svelte-wc/app-builder/.svelte-kit/generated/client/app.js:40
